time,vel_z,cmd_z
100.013,-0.0007792175290710258,0.0
100.033,2.109397217852019e-05,0.0
100.053,1.2792131385044034e-05,0.0
100.073,-0.0007291961356801918,0.0
100.093,-0.00032710970026367746,0.0
100.113,-0.0001360874703352457,0.0
100.133,-9.416856526033211e-05,0.0
100.153,-0.00017210878916360336,0.0
100.173,-0.0003378734761931069,0.0
100.193,-0.0004619563646787179,0.0
100.213,-0.000975890639409103,0.0
100.233,-0.0004940512853004108,0.0
100.253,-0.0003816998672557455,0.0
100.273,-0.0005221088204062951,0.0
100.293,0.0001707693461370371,0.0
100.313,-0.0001720695512036131,0.0
100.333,0.0005765548381923004,0.0
100.353,0.00024509270924486437,0.0
100.373,0.0005915135634697496,0.0
100.393,0.00021473086682406034,0.0
100.413,0.00033698077539105433,0.0
100.433,-0.00023661241026680464,0.0
100.453,-0.0008313035544429873,0.0
100.473,-0.0008925515879302069,0.0
100.493,-0.0010978665364965872,0.0
100.513,-0.0012660907355281316,0.0
100.533,-0.0013906946965028602,0.0
100.553,-0.0008768414107367855,0.0
100.573,-0.00022849883465579044,0.0
100.593,2.3789807266043074e-05,0.0
100.613,-0.0005580919860193911,0.0
100.633,0.0006796138028714841,0.0
100.653,0.0011280795664971204,0.0
100.673,0.0009042937876917063,0.0
100.693,0.0010683240370282711,0.0
100.713,0.0014953155694161107,0.0
100.733,0.001092703535291992,0.0
100.753,6.290936848942976e-05,0.0
100.773,-0.0006104035809928746,0.0
100.793,-0.0012592215489755153,0.0
100.813,-0.0011970189007593686,0.0
100.833,-0.0008141634207562624,0.0
100.853,-0.0009325154856863401,0.0
100.873,-5.045024197207625e-05,0.0
100.893,0.000476684187347059,0.0
100.913,0.0005187572341465211,0.0
100.933,0.0008462406034362725,0.0
100.953,0.0018363176679011424,0.0
100.973,0.0019711986096436107,0.0
100.993,0.0010126182220611996,0.0
101.013,9.050663083132102e-05,0.0
101.033,-0.0006033676010007185,0.0
101.053,-0.0010773863193834275,0.0
101.073,-7.079709797868358e-05,0.0
101.093,0.0007514051275692537,0.0
101.113,8.427474910813493e-05,0.0
101.133,-0.00027080549160558506,0.0
101.153,-0.0002680494987944093,0.0
101.173,7.621189944612162e-05,0.0
101.193,0.00024928033915727865,0.0
101.213,4.9516735834666357e-05,0.0
101.233,0.00045430994329017976,0.0
101.253,0.0003277148911912961,0.0
101.273,-5.402739013807362e-05,0.0
101.293,0.0001489629696936838,0.0
101.313,-0.00039570133822081684,0.0
101.333,-0.00031582417130225583,0.0
101.353,0.00018841875931357226,0.0
101.373,0.0004273051610143891,0.0
101.393,-0.0006129338951126666,0.0
101.413,-0.0002252020465064283,0.0
101.433,-0.0007245713588067111,0.0
101.453,-0.0010610100950587816,0.0
101.473,-0.001786477511240743,0.0
101.493,-0.0014226126415587412,0.0
101.513,-0.00109438932999195,0.0
101.533,-0.001474335015250377,0.0
101.553,-0.0017228112121725682,0.0
101.573,-0.0010339966592358264,0.0
101.593,-0.0009242234401404568,0.0
101.613,-0.0009297623254114087,0.0
101.633,-0.0006047377179674706,0.0
101.653,-0.0006840298620319723,0.0
101.673,-0.0010979757792203982,0.0
101.693,-0.0015040877636520495,0.0
101.713,-0.0012464130942885258,0.0
101.733,-0.0006642949883509762,0.0
101.753,-1.8372197569618525e-05,0.0
101.773,0.00024401158761670346,0.0
101.793,0.00047832471164166364,0.0
101.813,0.0001843503790789093,0.0
101.833,0.000654335881997607,0.0
101.853,0.0014125997167875248,0.0
101.873,0.0006812665860400693,0.0
101.893,0.00022742811578597288,0.0
101.913,9.725821308456588e-05,0.0
101.933,0.0002841670647056455,0.0
101.953,-0.0003803370067234004,0.0
101.973,-0.0008109765057689328,0.0
101.993,-0.0015021144695453953,0.0
102.013,-0.001486798746735345,0.0
102.033,-0.0016516161458153364,0.0
102.053,-0.0017292531162760782,0.0
102.073,-0.0023983807901035606,0.0
102.093,-0.002932446633721934,0.0
102.113,-0.002792704712212926,0.0
102.133,-0.001973794232757352,0.0
102.153,-0.0015374840185728234,0.0
102.173,-0.0011327602412036272,0.0
102.193,-0.0014542333161095499,0.0
102.213,-0.0016009676193998563,0.0
102.233,-0.0016710486574231368,0.0
102.253,-0.0014054637134411367,0.0
102.273,-0.0015424720100206033,0.0
102.293,-0.0012214385251236026,0.0
102.313,-0.0013778847980318862,0.0
102.333,-0.0010778949123345948,0.0
102.353,-0.00048684170016285755,0.0
102.373,-0.0002144341672787149,0.0
102.393,-0.0005556394060797555,0.0
102.413,8.967705336696288e-05,0.0
102.433,-8.563514801827152e-05,0.0
102.453,0.0005047973195295865,0.0
102.473,0.0006103584296905172,0.0
102.493,0.00020058365400022423,0.0
102.513,-0.00024333975679545163,0.0
102.533,6.262246567904811e-05,0.0
102.553,0.0006347998179612297,0.0
102.573,0.00048291460561352507,0.0
102.593,-4.573510135481916e-05,0.0
102.613,-0.0006067130662478752,0.0
102.633,-0.0002037445505310607,0.0
102.653,0.0003374985572098254,0.0
102.673,0.0009026511027848441,0.0
102.693,0.0011131093560114165,0.0
102.713,0.0006744687514199557,0.0
102.733,0.00034485373783390124,0.0
102.753,0.0012407487203558083,0.0
102.773,0.0013986665897959775,0.0
102.793,0.0006345000890371824,0.0
102.813,0.0006114007344611281,0.0
102.833,0.0002729856468836469,0.0
102.853,0.0001591136354364257,0.0
102.873,0.0005329724975725847,0.0
102.893,0.0006144213720363317,0.0
102.913,0.001246529616816934,0.0
102.933,0.0011505294028781416,0.0
102.953,0.0005480780557827937,0.0
102.973,0.00011058047055240104,0.0
102.993,-0.000574768345753348,0.0
103.013,-0.0006780699520741108,0.0
103.033,-0.0007305291408622259,0.0
103.053,-0.0007411593962703105,0.0
103.073,-0.00011546011611745331,0.0
103.093,0.00023080185493430314,0.0
103.113,0.00029445642241556256,0.0
103.133,0.0002086836769998927,0.0
103.153,-8.071319124026161e-05,0.0
103.173,-0.0002814116507606839,0.0
103.193,-0.0005887836302891358,0.0
103.213,0.0001308140757407727,0.0
103.233,0.00018834856490836688,0.0
103.253,-0.0004994774165514939,0.0
103.273,-0.001008266016872424,0.0
103.293,-0.00015116708604627404,0.0
103.313,0.0004968894611301982,0.0
103.333,0.001307331686361997,0.0
103.353,0.001993034089269492,0.0
103.373,0.0017930271167377844,0.0
103.393,0.0015059068382221334,0.9999828789888985
103.413,0.0048294701274420905,0.9999828789888985
103.433,0.09348040033911378,0.9999810197780904
103.453,0.23521443598211417,0.9999810197780904
103.473,0.3842074807944126,0.9999810197780904
103.493,0.5220494285651975,0.9999798279505923
103.513,0.6396282021818436,0.9999798279505923
103.533,0.7367784106173122,0.9999836022603491
103.553,0.8128453961755454,0.9999836022603491
103.573,0.871847012003836,0.9999836022603491
103.593,0.9168665666957521,0.9999897199051339
103.613,0.9506740371801852,0.9999897199051339
103.633,0.9754435251794019,0.999985086361656
103.653,0.9942254159511218,0.999985086361656
103.673,1.0077869379304987,0.999985086361656
103.693,1.0171938200158799,0.9999814478708965
103.713,1.024966216001487,0.9999814478708965
103.733,1.0306951789354217,0.9999844883859622
103.753,1.0345661496986753,0.9999844883859622
103.773,1.0377743970885587,0.9999844883859622
103.793,1.0391314647171739,0.9999864692566406
103.813,1.0402438873861974,0.9999864692566406
103.833,1.0410099526895389,0.9999849147474389
103.853,1.041465532466917,0.9999849147474389
103.873,1.0411626930309341,0.9999849147474389
103.893,1.0415767999060306,0.9999841620832995
103.913,1.041788100797672,0.9999841620832995
103.933,1.042512783792527,0.9999835931228394
103.953,1.0431146926584696,0.9999835931228394
103.973,1.043894475385013,0.9999835931228394
103.993,1.0448433944469775,0.9999836108760568
104.013,1.0461414110001277,0.9999836108760568
104.033,1.046827194042971,0.999983283510296
104.053,1.0483830350586651,0.999983283510296
104.073,1.049112098695194,0.999983283510296
104.093,1.0490677249674534,0.9999829161898718
104.113,1.0500236269654655,0.9999829161898718
104.133,1.0503445106351896,0.999981403903678
104.153,1.050953808177138,0.999981403903678
104.173,1.0507448320046748,0.999981403903678
104.193,1.0503059925689349,0.9999779997486324
104.213,1.0493948889457585,0.9999779997486324
104.233,1.0498394136115998,0.9999771513176002
104.253,1.0501696977647275,0.9999771513176002
104.273,1.0511575845176129,0.9999771513176002
104.293,1.0510062932575304,0.9999779888185891
104.313,1.051386341334589,0.9999779888185891
104.333,1.0517268369811432,0.9999791419343027
104.353,1.052356795147128,0.9999791419343027
104.373,1.0529115004211869,0.9999791419343027
104.393,1.0533507595264102,0.999980168811234
104.413,1.054338080524238,0.999980168811234
104.433,1.0550350568780287,0.9999813211459966
104.453,1.0554490200814444,0.9999813211459966
104.473,1.055251137190177,0.9999813211459966
104.493,1.0559242831307023,0.9999813083396012
104.513,1.0561939191531646,0.9999813083396012
104.533,1.0562393316233156,0.9999806176020571
104.553,1.0561138216823611,0.9999806176020571
104.573,1.0557184276415787,0.9999806176020571
104.593,1.0547377626640964,0.9999813429704395
104.613,1.0542516350596325,0.9999813429704395
104.633,1.0537524993545009,0.9999804520193784
104.653,1.0528163311755334,0.9999804520193784
104.673,1.0524109060182418,0.9999804520193784
104.693,1.0523336716421896,0.9999788232726123
104.713,1.0533054214250621,0.9999788232726123
104.733,1.05339535638792,0.9999791404917081
104.753,1.0531292371860426,0.9999791404917081
104.773,1.053211208461244,0.9999791404917081
104.793,1.0536006192498533,0.9999802019009106
104.813,1.0543317725845778,0.9999802019009106
104.833,1.054292649591183,0.9999793466408982
104.853,1.0548061314835742,0.9999793466408982
104.873,1.0563561082558635,0.9999793466408982
104.893,1.0578744264041746,0.9999807475192307
104.913,1.0585368663148464,0.9999807475192307
104.933,1.0582470828083357,0.9999819617188976
104.953,1.0593002077113935,0.9999819617188976
104.973,1.059968136940168,0.9999819617188976
104.993,1.059041771485923,0.999983317570543
105.013,1.0580767715812345,0.999983317570543
105.033,1.0566345728897355,0.9999836182486302
105.053,1.0562128630635181,0.9999836182486302
105.073,1.056337704362722,0.9999836182486302
105.093,1.0558918547319087,0.9999832475922145
105.113,1.0563117255921037,0.9999832475922145
105.133,1.0568987183904903,0.9999836466167744
105.153,1.057713103230901,0.9999836466167744
105.173,1.0578436038486492,0.9999836466167744
105.193,1.0585918253914632,0.9999851077352424
105.213,1.0576469099950496,0.9999851077352424
105.233,1.0567153415897597,0.9999847787347779
105.253,1.0567560830603615,0.9999847787347779
105.273,1.0575043299652667,0.9999847787347779
105.293,1.0570903809723402,0.9999840319002097
105.313,1.0562144211611446,0.9999840319002097
105.333,1.0561458946004814,0.9999832303269871
105.353,1.0561815192766704,0.9999832303269871
105.373,1.056491143768087,0.9999832303269871
105.393,1.0561497815168408,0.999983671170789
105.413,1.0563903561631875,0.999983671170789
105.433,1.0560863922186647,0.9999850178928102
105.453,1.0561593553170985,0.9999850178928102
105.473,1.0571656966654313,0.9999850178928102
105.493,1.0571408235390252,0.9999858899981773
105.513,1.0577506829172951,0.9999858899981773
105.533,1.0577758195098872,0.9999872948708042
105.553,1.0576428134669187,0.9999872948708042
105.573,1.0580236828223257,0.9999872948708042
105.593,1.0587695252983036,0.9999875027007855
105.613,1.0598388863299484,0.9999875027007855
105.633,1.0602100830894954,0.9999872514869479
105.653,1.058718849266515,0.9999872514869479
105.673,1.0593601393047691,0.9999872514869479
105.693,1.0587081066631074,0.9999863786574522
105.713,1.059016062344812,0.9999863786574522
105.733,1.0588259046769772,0.9999859986363067
105.753,1.0581957476918293,0.9999859986363067
105.773,1.0580580613729496,0.9999859986363067
105.793,1.057789196265965,0.999985154528039
105.813,1.0572075030477222,0.999985154528039
105.833,1.0567986775939073,0.9999851887028312
105.853,1.056660683366388,0.9999851887028312
105.873,1.056501163943113,0.9999851887028312
105.893,1.0572577558639042,0.999984353586759
105.913,1.0582936342733658,0.999984353586759
105.933,1.0577890163558339,0.9999853779560729
105.953,1.058220696274871,0.9999853779560729
105.973,1.058498409631803,0.9999853779560729
105.993,1.0583875164108578,0.9999849040388297
106.013,1.058696534333094,0.9999849040388297
106.033,1.0586311348837343,0.9999816833902275
106.053,1.0575837431877815,0.9999816833902275
106.073,1.057160746220894,0.9999816833902275
106.093,1.0562735128223368,0.9999829426189953
106.113,1.0563419561172829,0.9999829426189953
106.133,1.0559400002765356,0.9999841548997841
106.153,1.0560002128556496,0.9999841548997841
106.173,1.055792620661345,0.9999841548997841
106.193,1.0552592332723256,0.9999820639659781
106.213,1.0558933799607713,0.9999820639659781
106.233,1.056135135453997,0.9999826335578437
106.253,1.0559607576697077,0.9999826335578437
106.273,1.0556848157491712,0.9999826335578437
106.293,1.0552321453385383,0.9999842961832554
106.313,1.0549362028188756,0.9999842961832554
106.333,1.0552390256128794,0.9999835808987211
106.353,1.0557059233788624,0.9999835808987211
106.373,1.0558058346561303,0.9999835808987211
106.393,1.0565454342584093,0.9999833600298927
106.413,1.0558492016864824,0.9999833600298927
106.433,1.0556930449750876,0.9999834031055548
106.453,1.0564528541942655,0.9999834031055548
106.473,1.0570981341813144,0.9999834031055548
106.493,1.0578670369616536,0.9999828087467224
106.513,1.0581333925426055,0.9999828087467224
106.533,1.0593807461627838,0.9999837800406666
106.553,1.0591324203920724,0.9999837800406666
106.573,1.0590359373100227,0.9999837800406666
106.593,1.0590753765408294,0.999984561830704
106.613,1.0580030397076041,0.999984561830704
106.633,1.0570642439386777,0.9999840553538304
106.653,1.0558390110217675,0.9999840553538304
106.673,1.0560349200762154,0.9999840553538304
106.693,1.0547633913956767,0.9999859464946593
106.713,1.0538902912425494,0.9999859464946593
106.733,1.053066760614814,0.9999856447326813
106.753,1.0537521664524703,0.9999856447326813
106.773,1.053525612464777,0.9999856447326813
106.793,1.0531684239811783,0.9999852076016489
106.813,1.0534085575668124,0.9999852076016489
106.833,1.0530166109381809,0.999986319465599
106.853,1.0526284335049385,0.999986319465599
106.873,1.0520640395433363,0.999986319465599
106.893,1.0524518007735564,0.9999860636103157
106.913,1.0523108522079918,0.9999860636103157
106.933,1.0535007082097203,0.999984673360934
106.953,1.0538008170569753,0.999984673360934
106.973,1.0539497920356793,0.999984673360934
106.993,1.0540370892434658,0.999983962373498
107.013,1.0534070290591828,0.999983962373498
107.033,1.0527478498027838,0.999984704999939
107.053,1.0514991646071352,0.999984704999939
107.073,1.0519291209707127,0.999984704999939
107.093,1.0507194432772538,0.9999853917199972
107.113,1.0505520880157748,0.9999853917199972
107.133,1.0513523328125491,0.9999872001959813
107.153,1.0512691675743515,0.9999872001959813
107.173,1.0511735978356145,0.9999872001959813
107.193,1.050472140281819,0.9999871178183061
107.213,1.049675810118423,0.9999871178183061
107.233,1.0501978534252188,0.9999870883538505
107.253,1.0505537155387783,0.9999870883538505
107.273,1.050054099069809,0.9999870883538505
107.293,1.0500356234747927,0.9999881990484583
107.313,1.0486047636324822,0.9999881990484583
107.333,1.0479273968116574,0.9999889854152554
107.353,1.0470259013923997,0.9999889854152554
107.373,1.0467703307422427,0.9999889854152554
107.393,1.0479076063490442,0.9999888006627727
107.413,1.0484216844390641,0.9999888006627727
107.433,1.0481051631939537,0.9999896188947399
107.453,1.0478404754041295,0.9999896188947399
107.473,1.047147001911858,0.9999896188947399
107.493,1.046061364694493,0.9999909757276075
107.513,1.044999963457076,0.9999909757276075
107.533,1.045634803541565,0.9999909219760307
107.553,1.045781331972486,0.9999909219760307
107.573,1.046153209112235,0.9999909219760307
107.593,1.0457685920557362,0.999990466197923
107.613,1.0450252129715039,0.999990466197923
107.633,1.0444302273389763,0.9999902974943788
107.653,1.04361615725395,0.9999902974943788
107.673,1.0434642273804011,0.9999902974943788
107.693,1.042982792460046,0.9999902000869167
107.713,1.0420648567565063,0.9999902000869167
107.733,1.0414128119444923,0.9999880073068939
107.753,1.0409344178789437,0.9999880073068939
107.773,1.040261539640606,0.9999880073068939
107.793,1.0388271059893948,0.9999878693486893
107.813,1.03820796661951,0.9999878693486893
107.833,1.0374258384882595,0.999989277635817
107.853,1.0368891540016225,0.999989277635817
107.873,1.0371192564603964,0.999989277635817
107.893,1.0375511939005875,0.9999884435783801
107.913,1.0379099243617949,0.9999884435783801
107.933,1.0383078665186412,0.9999872282171463
107.953,1.0380039033330684,0.9999872282171463
107.973,1.037860446153557,0.9999872282171463
107.993,1.0373673441177145,0.9999866449460098
108.013,1.0375536373209162,0.9999866449460098
108.033,1.0377014202125179,0.999986291659487
108.053,1.0376276649644565,0.999986291659487
108.073,1.037265864757435,0.999986291659487
108.093,1.0371349385703,0.9999860427456202
108.113,1.0385841293777358,0.9999860427456202
108.133,1.0387399852232437,0.999985774886469
108.153,1.0388673703215807,0.999985774886469
108.173,1.039258549006202,0.999985774886469
108.193,1.0389941224043269,0.9999860414376996
108.213,1.0384497886406594,0.9999860414376996
108.233,1.0378976300521132,0.999985989557927
108.253,1.037520838251765,0.999985989557927
108.273,1.0374491774232315,0.999985989557927
108.293,1.0372796207260617,0.9999857117734233
108.313,1.0377864781223973,0.9999857117734233
108.333,1.0379334122345159,0.9999861431123596
108.353,1.0380892375638553,0.9999861431123596
108.373,1.0383001225576347,0.9999861431123596
108.393,1.0380954122069372,0.999986830015826
108.413,1.0383274686066155,0.999986830015826
108.433,1.038723214168833,0.9999872341564453
108.453,1.039542734470371,0.9999872341564453
108.473,1.039935908839213,0.9999872341564453
108.493,1.0398324415011113,0.9999865092952068
108.513,1.0403662071837312,0.9999865092952068
108.533,1.0400837343888434,0.9999849642970194
108.553,1.0390188588302454,0.9999849642970194
108.573,1.0378282976769428,0.9999849642970194
108.593,1.038016738411714,0.9999840698216106
108.613,1.0386138236313645,0.9999840698216106
108.633,1.0376498467422237,0.9999831477782686
108.653,1.0380827252203546,0.9999831477782686
108.673,1.0375503747620232,0.9999831477782686
108.693,1.0379682809328996,0.9999812856569558
108.713,1.03757241749675,0.9999812856569558
108.733,1.0374580025597326,0.999978944475265
108.753,1.03735734940568,0.999978944475265
108.773,1.0378244608491676,0.999978944475265
108.793,1.0382587142934547,0.9999793187595367
108.813,1.037889105822922,0.9999793187595367
108.833,1.038251928630337,0.9999802959476282
108.853,1.0382885203111958,0.9999802959476282
108.873,1.0377275279720404,0.9999802959476282
108.893,1.037243913840201,0.9999790865511923
108.913,1.036727692475837,0.9999790865511923
108.933,1.0374684922620372,0.9999779514095992
108.953,1.0368949866101778,0.9999779514095992
108.973,1.0367790346323411,0.9999779514095992
108.993,1.0368907681422277,0.9999785182317209
109.013,1.0366781298701317,0.9999785182317209
109.033,1.0368549925967905,0.9999777461119133
109.053,1.0367590657941308,0.9999777461119133
109.073,1.0372203319678337,0.9999777461119133
109.093,1.0377113641246851,0.9999772401047627
109.113,1.0380833700190637,0.9999772401047627
109.133,1.0381723075339049,0.9999767219139489
109.153,1.037813625445795,0.9999767219139489
109.173,1.0364973888299118,0.9999767219139489
109.193,1.0367991599507271,0.9999757003718122
109.213,1.0364278195359398,0.9999757003718122
109.233,1.0361989112209637,0.9999730605410276
109.253,1.0359404645851378,0.9999730605410276
109.273,1.0354452205809501,0.9999730605410276
109.293,1.0352334124322493,0.9999720764839146
109.313,1.0345192386761328,0.9999720764839146
109.333,1.0344043280631958,0.9999720438632871
109.353,1.034427812008089,0.9999720438632871
109.373,1.0342227024031143,0.9999720438632871
109.393,1.0332518522985623,0.999972731339006
109.413,1.0332432502509539,0.999972731339006
109.433,1.0339431122037595,0.9999719178138877
109.453,1.0356460392455835,0.9999719178138877
109.473,1.0352838217772575,0.9999719178138877
109.493,1.0346419190935756,0.9999715247897119
109.513,1.0337789752016942,0.9999715247897119
109.533,1.0337608727954988,0.999972402140734
109.553,1.033844453684726,0.999972402140734
109.573,1.0329825242916741,0.999972402140734
109.593,1.032509708848173,0.9999736559810541
109.613,1.032264649951556,0.9999736559810541
109.633,1.032542072328699,0.9999736201213186
109.653,1.032443175617177,0.9999736201213186
109.673,1.0313343094267633,0.9999736201213186
109.693,1.031271812170275,0.999972555585297
109.713,1.031939893866932,0.999972555585297
109.733,1.031350084994469,0.9999738854047892
109.753,1.0312875474164795,0.9999738854047892
109.773,1.03100994884142,0.9999738854047892
109.793,1.0307591667419207,0.9999736598880451
109.813,1.030866902501483,0.9999736598880451
109.833,1.0303897609427837,0.9999740656494863
109.853,1.0298759498814822,0.9999740656494863
109.873,1.0293057767534344,0.9999740656494863
109.893,1.0299652331732227,0.9999734667427604
109.913,1.0297334403330765,0.9999734667427604
109.933,1.0296535028730993,0.9999719274272867
109.953,1.0290448262086311,0.9999719274272867
109.973,1.0295848294411307,0.9999719274272867
109.993,1.0293724038553935,0.9999723336536082
110.013,1.0283146501357794,0.9999723336536082
110.033,1.02743678209818,0.999973851912278
110.053,1.0275649617966667,0.999973851912278
110.073,1.0266287941240928,0.999973851912278
110.093,1.0266820144741147,0.99997475568636
110.113,1.0261486339320733,0.99997475568636
110.133,1.0259284902599555,0.9999750658663856
110.153,1.026164286430389,0.9999750658663856
110.173,1.026655738420038,0.9999750658663856
110.193,1.0269390616220975,0.9999749553211846
110.213,1.0267406182301242,0.9999749553211846
110.233,1.0265428589405778,0.9999746805810469
110.253,1.0266472627510586,0.9999746805810469
110.273,1.0260939391505401,0.9999746805810469
110.293,1.0256432256210855,0.9999737777412697
110.313,1.0256253421258104,0.9999737777412697
110.333,1.0250190110507975,0.9999724938257083
110.353,1.0248609690148789,0.9999724938257083
110.373,1.0244996342045432,0.9999724938257083
110.393,1.0247358177278219,0.9999715681036038
110.413,1.0237882907773415,0.9999715681036038
110.433,1.0226339233113637,0.9999708853027957
110.453,1.021527384101574,0.9999708853027957
110.473,1.021843282505829,0.9999708853027957
110.493,1.0211973473661444,0.9999704592651966
110.513,1.0210540721946306,0.9999704592651966
110.533,1.021016025451924,0.9999677662343794
110.553,1.0195667740459085,0.9999677662343794
110.573,1.0189411306885423,0.9999677662343794
110.593,1.0182964864773685,0.9999682302187272
110.613,1.0173116992066396,0.9999682302187272
110.633,1.0164875852012798,0.9999672184240523
110.653,1.0164903973044332,0.9999672184240523
110.673,1.016536212345483,0.9999672184240523
110.693,1.0166926906414246,0.9999667858403537
110.713,1.0163495224266343,0.9999667858403537
110.733,1.016180247961047,0.9999665800156557
110.753,1.0160456314753756,0.9999665800156557
110.773,1.0161765008904935,0.9999665800156557
110.793,1.015517648524959,0.99996688382859
110.813,1.0150423325358464,0.99996688382859
110.833,1.014078459204043,0.9999692251050813
110.853,1.0132601406994082,0.9999692251050813
110.873,1.0137615826469346,0.9999692251050813
110.893,1.0139249109159905,0.9999695950423193
110.913,1.0137659770816165,0.9999695950423193
110.933,1.0136046779496484,0.999970109334926
110.953,1.012601502738731,0.999970109334926
110.973,1.0119970531021076,0.999970109334926
110.993,1.0117653679696694,0.9999722824890364
111.013,1.0122453792772586,0.9999722824890364
111.033,1.0116317572672338,0.9999715030696785
111.053,1.0119697914670664,0.9999715030696785
111.073,1.0123919390766434,0.9999715030696785
111.093,1.0123146191711767,0.9999720817300666
111.113,1.012164555131666,0.9999720817300666
111.133,1.0123252340354838,0.9999735126821949
111.153,1.012101232244637,0.9999735126821949
111.173,1.0119487792898318,0.9999735126821949
111.193,1.0115662024652017,0.999974269900471
111.213,1.0117378214634105,0.999974269900471
111.233,1.0115628585101184,0.9999722300341183
111.253,1.0122954969908196,0.9999722300341183
111.273,1.012535827461941,0.9999722300341183
111.293,1.012781058025242,0.9999726302284138
111.313,1.0120625053378154,0.9999726302284138
111.333,1.0124067629843463,0.9999710661503297
111.353,1.0122297064674883,0.9999710661503297
111.373,1.0116989516538704,0.9999710661503297
111.393,1.0107791901301115,0.0
111.413,1.0087439412625376,0.0
111.433,0.9584559415887465,0.0
111.453,0.8707087141734585,0.0
111.473,0.769262887551241,0.0
111.493,0.6667153071905191,0.0
111.513,0.5719910674389527,0.0
111.533,0.48607887538518685,0.0
111.553,0.409760556789668,0.0
111.573,0.34164753981967216,0.0
111.593,0.28295273922149056,0.0
111.613,0.23318012396332063,0.0
111.633,0.19129523791211772,0.0
111.653,0.15528258271768983,0.0
111.673,0.12495767413920754,0.0
111.693,0.09892658236767432,0.0
111.713,0.07769855914628379,0.0
111.733,0.05975991839914915,0.0
111.753,0.043954498889702216,0.0
111.773,0.03171248168969447,0.0
111.793,0.022249296479994688,0.0
111.813,0.014998610970110052,0.0
111.833,0.008002353839765787,0.0
111.853,0.002194661783713547,0.0
111.873,-0.003098249390281028,0.0
111.893,-0.007074083546200007,0.0
111.913,-0.01047874805049861,0.0
111.933,-0.013284680913873616,0.0
111.953,-0.015146282334652221,0.0
111.973,-0.01617708890662475,0.0
111.993,-0.01650242421829356,0.0
112.013,-0.017625633176618846,0.0
112.033,-0.018523835466934715,0.0
112.053,-0.01875711962191502,0.0
112.073,-0.019613181752981462,0.0
112.093,-0.019975078709080055,0.0
112.113,-0.021034351279959486,0.0
112.133,-0.02118700436787698,0.0
112.153,-0.021495080439806594,0.0
112.173,-0.02244201644439888,0.0
112.193,-0.022139190064375414,0.0
112.213,-0.021050136887612154,0.0
112.233,-0.02103179909547621,0.0
112.253,-0.020834059757504686,0.0
112.273,-0.0201002878219607,0.0
112.293,-0.01969780911954802,0.0
112.313,-0.019657836680275778,0.0
112.333,-0.01954729578514916,0.0
112.353,-0.019183074757342055,0.0
112.373,-0.019020676925534493,0.0
112.393,-0.01959115754829887,0.0
112.413,-0.01982414818518606,0.0
112.433,-0.0190932504799131,0.0
112.453,-0.018992521971272634,0.0
112.473,-0.018538539626822382,0.0
112.493,-0.018556859168544753,0.0
112.513,-0.018199492219155074,0.0
112.533,-0.017963067499825153,0.0
112.553,-0.017781289619595696,0.0
112.573,-0.017712414130357686,0.0
112.593,-0.017621783126982198,0.0
112.613,-0.016012570501561924,0.0
112.633,-0.01565993188275601,0.0
112.653,-0.015459205879432692,0.0
112.673,-0.014197935876499028,0.0
112.693,-0.01452615816035277,0.0
112.713,-0.015558446830838872,0.0
112.733,-0.01509726537522119,0.0
112.753,-0.015103755609372084,0.0
112.773,-0.0153998209157685,0.0
112.793,-0.015429065735655837,0.0
112.813,-0.015587759188356573,0.0
112.833,-0.015214127745510283,0.0
112.853,-0.013644525437936064,0.0
112.873,-0.01388174270983631,0.0
112.893,-0.013478714688602593,0.0
112.913,-0.01293247307108414,0.0
112.933,-0.012674043727059063,0.0
112.953,-0.012674457483176912,0.0
112.973,-0.01332395615146166,0.0
112.993,-0.012607928908939,0.0
113.013,-0.012031638743640313,0.0
113.033,-0.011290703538927294,0.0
113.053,-0.011336537620283079,0.0
113.073,-0.011962535189233093,0.0
113.093,-0.012604880887935764,0.0
113.113,-0.013770096930375331,0.0
113.133,-0.014033981592402484,0.0
113.153,-0.013919241099680405,0.0
113.173,-0.01373638889972382,0.0
113.193,-0.013344423615160117,0.0
113.213,-0.012948666942797537,0.0
113.233,-0.012069005448488353,0.0
113.253,-0.011794429768463337,0.0
113.273,-0.011558565669379052,0.0
113.293,-0.011209490799411182,0.0
113.313,-0.0112280401206796,0.0
113.333,-0.01133186713356897,0.0
113.353,-0.01153059417320746,0.0
113.373,-0.011823851466009493,0.0
113.393,-0.012122915477633958,0.0
113.413,-0.011608385352914254,0.0
113.433,-0.011308876291853221,0.0
113.453,-0.01170440154861907,0.0
113.473,-0.011553804774888814,0.0
113.493,-0.010948232249814224,0.0
113.513,-0.010813966838443838,0.0
113.533,-0.01158455627564966,0.0
113.553,-0.011403259115537792,0.0
113.573,-0.011974430786706774,0.0
113.593,-0.012030333687238284,0.0
113.613,-0.011464911929309679,0.0
113.633,-0.011913642467751815,0.0
113.653,-0.011901480340062148,0.0
113.673,-0.010969699973632117,0.0
113.693,-0.011075218003614872,0.0
113.713,-0.011719185246897584,0.0
113.733,-0.011461673652466142,0.0
113.753,-0.01058453491331132,0.0
113.773,-0.010251024996291448,0.0
113.793,-0.010019601360270749,0.0
113.813,-0.009734923152918134,0.0
113.833,-0.009438746029678079,0.0
113.853,-0.009787987966996993,0.0
113.873,-0.01016995416853594,0.0
113.893,-0.010482641668852861,0.0
113.913,-0.01070713877729836,0.0
113.933,-0.01018622278893665,0.0
113.953,-0.01089104610014975,0.0
113.973,-0.01060766160645789,0.0
113.993,-0.010158947162799175,0.0
114.013,-0.008918485359905692,0.0
114.033,-0.008892533149136201,0.0
114.053,-0.00895326892601716,0.0
114.073,-0.009524599929798386,0.0
114.093,-0.009279797677492044,0.0
114.113,-0.00910390172842575,0.0
114.133,-0.008888160519313409,0.0
114.153,-0.007933321083369395,0.0
114.173,-0.007119724548711473,0.0
114.193,-0.0070789761099128625,0.0
114.213,-0.007191249193464485,0.0
114.233,-0.00682456628749594,0.0
114.253,-0.0065149391809619225,0.0
114.273,-0.006735785036218914,0.0
114.293,-0.006968560951539485,0.0
114.313,-0.0070025679881126224,0.0
114.333,-0.0082317889896786,0.0
114.353,-0.007832888591489803,0.0
114.373,-0.007288941837084404,0.0
114.393,-0.007656897259846155,0.0
114.413,-0.008169206519925927,0.0
114.433,-0.007935558823875474,0.0
114.453,-0.007066808623023954,0.0
114.473,-0.0068213935240211635,0.0
114.493,-0.005877983203378948,0.0
114.513,-0.0053766369709646565,0.0
114.533,-0.005882583491748713,0.0
114.553,-0.006591700437288947,0.0
114.574,-0.006246975946677913,0.0
114.593,-0.006076781556724986,0.0
114.613,-0.005838019450568292,0.0
114.633,-0.0057541106348321805,0.0
114.653,-0.0048193019239755825,0.0
114.673,-0.00539452377360175,0.0
114.693,-0.004701760775707128,0.0
114.713,-0.004763391290499824,0.0
114.733,-0.0044659165826235895,0.0
114.753,-0.004186589097663311,0.0
114.773,-0.004219814235536184,0.0
114.793,-0.0036963859624230197,0.0
114.813,-0.003939014610335994,0.0
114.833,-0.004100715738543745,0.0
114.853,-0.005607492600604376,0.0
114.873,-0.0058506191370337815,0.0
114.893,-0.005991312223374748,0.0
114.913,-0.006427177490993095,0.0
114.933,-0.0053412902186081666,0.0
114.953,-0.004556828885191344,0.0
114.973,-0.004627603218422406,0.0
114.993,-0.0031782200415586487,0.0
