time,vel_x,cmd_x
50.013,0.004394096853621117,0.0
50.033,0.004923692369860624,0.0
50.053,0.004942794464888345,0.0
50.073,0.005525996199955321,0.0
50.093,0.006309577048451642,0.0
50.113,0.007230837025180782,0.0
50.133,0.006969421708104053,0.0
50.153,0.006746462467793457,0.0
50.173,0.006425561565575271,0.0
50.193,0.005581524162233067,0.0
50.213,0.005116597639973625,0.0
50.233,0.005478316526088761,0.0
50.253,0.004261145967801216,0.0
50.273,0.003705169766803218,0.0
50.293,0.0031581109815496176,0.0
50.313,0.003054904266262441,0.0
50.333,0.0033462937962571476,0.0
50.353,0.0031567971053714384,0.0
50.373,0.0033434549650030398,0.0
50.393,0.0034296758330428553,0.0
50.413,0.0038072097027392598,0.0
50.433,0.0046146525470032755,0.0
50.453,0.004798895453942905,0.0
50.473,0.004387264507533512,0.0
50.493,0.004614961639686308,0.0
50.513,0.0063122997739614405,0.0
50.533,0.006129970217627991,0.0
50.553,0.006177733935309742,0.0
50.573,0.006582567315724736,0.0
50.593,0.006237985229069288,0.0
50.613,0.005961969661358427,0.0
50.633,0.006265416028150009,0.0
50.653,0.006683182664128765,0.0
50.673,0.006726603134799489,0.0
50.693,0.006645053086320894,0.0
50.713,0.007630793131897875,0.0
50.733,0.0073618866102940625,0.0
50.753,0.00806298812142103,0.0
50.773,0.007814483761295503,0.0
50.793,0.00744069084621478,0.0
50.813,0.007758472701510845,0.0
50.833,0.008715874065512585,0.0
50.853,0.009020209166816019,0.0
50.873,0.009345829092270967,0.0
50.893,0.009738017915141619,0.0
50.913,0.009909661377953906,0.0
50.933,0.010772619470829367,0.0
50.953,0.011457121238064761,0.0
50.973,0.011631448119795832,0.0
50.993,0.011861794926057405,0.0
51.013,0.011457945497783159,0.0
51.033,0.011248629108789097,0.0
51.053,0.011180384506844927,0.0
51.073,0.011298450815080576,0.0
51.093,0.011053713361269224,0.0
51.113,0.011001813025693287,0.0
51.133,0.011083280544226685,0.0
51.153,0.011366984506212357,0.0
51.173,0.011524254229200257,0.0
51.193,0.011580180559407495,0.0
51.213,0.011753724718046752,0.0
51.233,0.011830442391850658,0.0
51.253,0.012024593900072284,0.0
51.273,0.012088963772904734,0.0
51.293,0.011969120084404797,0.0
51.313,0.012623556635950706,0.0
51.333,0.012137841844299897,0.0
51.353,0.011821607348647649,0.0
51.373,0.011766733602282638,0.0
51.393,0.012081518352792238,0.0
51.413,0.012704039120473184,0.0
51.433,0.013808496037834048,0.0
51.453,0.014200819720476213,0.0
51.473,0.014649647922801821,0.0
51.493,0.014906032303853569,0.0
51.513,0.014717147805325194,0.0
51.533,0.014367077941374158,0.0
51.553,0.013461605088979705,0.0
51.573,0.012674028395456751,0.0
51.593,0.011732480007820095,0.0
51.613,0.011577370619365819,0.0
51.633,0.011219456160335666,0.0
51.653,0.010873027193983077,0.0
51.673,0.011382056956214479,0.0
51.693,0.010522272045028765,0.0
51.713,0.010151254218583965,0.0
51.733,0.010385008917818576,0.0
51.753,0.01002565314508548,0.0
51.773,0.010060992879031602,0.0
51.793,0.009618435171290537,0.0
51.813,0.009271720397879404,0.0
51.833,0.009456598123237004,0.0
51.853,0.00888673767568556,0.0
51.873,0.008561353588907354,0.0
51.893,0.008384346324864123,0.0
51.913,0.008122800385227067,0.0
51.933,0.007339295025101831,0.0
51.953,0.006835250291487718,0.0
51.973,0.005749882177317209,0.0
51.993,0.005694858682432789,0.0
52.013,0.005191692335142248,0.0
52.033,0.0052580062522365155,0.0
52.053,0.004932987433694658,0.0
52.073,0.00479049020527333,0.0
52.093,0.0046798361379640835,0.0
52.113,0.003956877905845759,0.0
52.133,0.003763769769509142,0.0
52.153,0.0038666718750632557,0.0
52.173,0.004386371012685892,0.0
52.193,0.004159258723530429,0.0
52.213,0.0037847269820798965,0.0
52.233,0.004231839650852364,0.0
52.253,0.0038340408385956403,0.0
52.273,0.0041420958506658695,0.0
52.293,0.00371970571043569,0.0
52.313,0.003016054997654057,0.0
52.333,0.0033091141379110985,0.0
52.353,0.004439529671077604,0.0
52.373,0.004417528974163864,0.0
52.393,0.0039802659810816215,0.0
52.413,0.0031785096776172045,0.0
52.433,0.003966185375836687,0.0
52.453,0.0039930772469498,0.0
52.473,0.0042532570548693745,0.0
52.493,0.00409239688912074,0.0
52.513,0.0042704539588898915,0.0
52.533,0.004029739913621633,0.0
52.553,0.00384852137694222,0.0
52.573,0.003894288217365046,0.0
52.593,0.0034599500309896807,0.0
52.613,0.004413222100500537,0.0
52.633,0.004714068876679367,0.0
52.653,0.004908630483277897,0.0
52.673,0.004153933482400286,0.0
52.693,0.004052720929207032,0.0
52.713,0.004061383321112166,0.0
52.733,0.0036797152788566553,0.0
52.753,0.002909982256889334,0.0
52.773,0.002989682799238193,0.0
52.793,0.002468529850622026,0.0
52.813,0.0022791753924372472,0.0
52.833,0.0032736438893981503,0.0
52.853,0.0024137401221039708,0.0
52.873,0.003068577618897824,0.0
52.893,0.0031767818984911353,0.0
52.913,0.0027525520908043876,0.0
52.933,0.0031188050345334253,0.0
52.953,0.00296607336905225,0.0
52.973,0.003012660590767248,0.0
52.993,0.0028898908737913422,0.0
53.013,0.003666940924860373,0.0
53.033,0.0036543114751666087,0.0
53.053,0.003226196478417335,0.0
53.073,0.0032554614435767013,0.0
53.093,0.0038171777004397394,0.0
53.113,0.0034000994596474123,0.0
53.133,0.0036323762700441013,0.0
53.153,0.0032067429611910754,0.0
53.173,0.002996662700042909,0.0
53.193,0.0034527598987497588,0.0
53.213,0.003392543379681054,0.0
53.233,0.0032718097068264733,0.0
53.253,0.0029179802809532786,0.0
53.273,0.0031911464420726304,0.0
53.293,0.0034081963681792844,0.0
53.313,0.0037741676363115292,0.0
53.333,0.004217628932437539,0.0
53.353,0.0037101620613776997,0.0
53.373,0.003716846096906511,0.0
53.393,0.003582943090239416,0.0
53.413,0.003001996159420857,0.0
53.433,0.002770875950999284,0.0
53.453,0.0025761651573734446,0.0
53.473,0.0022837765226832946,0.0
53.493,0.002327262844841767,0.0
53.513,0.0024432727539203006,0.0
53.533,0.00369279971467946,0.0
53.553,0.0040978868925883516,0.0
53.573,0.004010791039959827,0.0
53.593,0.003942007502957471,0.0
53.613,0.004496947663306493,0.0
53.633,0.0047934455762039105,0.0
53.653,0.004849733379970514,0.0
53.673,0.0046524033784753945,0.0
53.693,0.004746453159696053,0.0
53.713,0.004352105345479587,0.0
53.733,0.004889116599973939,0.0
53.753,0.0056493591950578115,0.0
53.773,0.006206404249557099,0.0
53.793,0.005070603422055539,0.0
53.813,0.0040777372145853535,0.0
53.833,0.0028910560567788576,0.0
53.853,0.0027742211157199635,0.0
53.873,0.002364727321518794,0.0
53.893,0.0015549560574099311,0.0
53.913,0.0008121982551370028,0.0
53.933,0.00043681650738924436,0.0
53.953,0.0013051854388173418,0.0
53.973,0.0011249773692610838,0.0
53.993,0.001492355505245168,0.0
54.013,0.0010679662790130807,0.0
54.033,0.0007228868804812812,0.0
54.053,0.0005461417379000648,0.0
54.073,0.00011763604138425199,0.0
54.093,0.00014003923177050945,0.0
54.113,0.00013420546004597536,0.0
54.133,-1.842999483907376e-05,0.0
54.153,0.000496484301478436,0.0
54.173,-0.0006416567993225464,0.0
54.193,-0.0004425820822483491,0.0
54.213,-0.000260203280163695,0.0
54.233,0.0006366349482926049,0.0
54.253,0.0009694072704159462,0.0
54.273,0.0009515993489743863,0.0
54.293,0.0011333504994827397,0.0
54.313,0.0014675076378299888,0.0
54.333,0.001433518422889181,0.0
54.353,0.0008701105799114875,0.0
54.373,0.000323761429725009,0.0
54.393,0.0006277380025448343,0.0
54.413,3.97256307995301e-05,0.0
54.433,0.00048656444927503486,0.0
54.453,0.00029345238542213966,0.0
54.473,8.91984898223504e-05,0.0
54.493,2.9848017426594855e-05,0.0
54.513,-0.00012806238921851592,0.0
54.533,0.0001154628013914449,0.0
54.553,-0.00019855299601191257,0.0
54.573,-0.0009449152024361751,0.0
54.593,-0.0017730023947866364,0.0
54.613,-0.0022316500874494686,0.0
54.633,-0.0017811681544385176,0.0
54.653,-0.00178487899419915,0.0
54.673,-0.0017228510080865588,0.0
54.693,-0.0015191455628445836,0.0
54.713,-0.0010092858985934895,0.0
54.733,-0.0011825554709282082,0.0
54.753,-0.0016465170225385423,0.0
54.773,-0.0014825434668136082,0.0
54.793,-0.001537765033632234,0.0
54.813,-0.0005418941659924962,0.0
54.833,-0.0012626208713467924,0.0
54.853,-0.0018975328091956692,0.0
54.873,-0.0020609175806930798,0.0
54.893,-0.0017384583374031259,0.0
54.913,-0.001732503297756325,0.0
54.933,-0.0019863583057528065,0.0
54.953,-0.001598607256802762,0.0
54.973,-0.0021589066520339944,0.0
54.993,-0.0023367633277057123,0.0
55.013,-0.0027054907854642428,0.0
55.033,-0.002807803966816069,0.0
55.053,-0.003370861660016077,0.0
55.073,-0.0033326690210930287,0.0
55.093,-0.003135148212159799,0.0
55.113,-0.003000718753731328,0.0
55.133,-0.003021932143631845,0.0
55.153,-0.0027439198803817727,0.0
55.173,-0.0019895523766438367,0.0
55.193,-0.0020004728112623287,0.0
55.213,-0.001437884395151475,0.0
55.233,-0.001966939289365661,0.0
55.253,-0.0021370124475875813,0.0
55.273,-0.002011122583587521,0.0
55.293,-0.002472668841132784,0.9998842163297246
55.313,-0.002530334683374585,0.9998842163297246
55.333,-0.0023881484035136683,0.9998858121813688
55.353,-0.0012957740618372872,0.9998858121813688
55.373,0.00277797351723759,0.9998858121813688
55.393,0.010373208723385156,0.9998841729389993
55.413,0.022446325499678024,0.9998841729389993
55.433,0.0382142024641346,0.9997122765291785
55.453,0.058350669219123415,0.9997122765291785
55.473,0.08102340033778489,0.9997122765291785
55.493,0.10617649240558788,0.9979827504903582
55.513,0.13193283659507163,0.9979827504903582
55.533,0.15908704209650482,0.9923312369755264
55.553,0.18620882904641056,0.9923312369755264
55.573,0.21256948246264057,0.9923312369755264
55.593,0.23825236457402169,0.9898892697556337
55.613,0.2632360556493118,0.9898892697556337
55.633,0.2867778076668055,0.9894732647288497
55.653,0.3111642377670659,0.9894732647288497
55.673,0.33442001697442825,0.9894732647288497
55.693,0.3573241364536129,0.9897962198307266
55.713,0.3799304797052615,0.9897962198307266
55.733,0.40168638275901514,0.990675615626168
55.753,0.4233606657140965,0.990675615626168
55.773,0.44347549328414504,0.990675615626168
55.793,0.4624726968108601,0.9912310322347548
55.813,0.48052440309103156,0.9912310322347548
55.833,0.49774619651015806,0.9922343867166769
55.853,0.5147452705641685,0.9922343867166769
55.873,0.5306902088065582,0.9922343867166769
55.893,0.5462545670321385,0.9929131466571522
55.913,0.5608462285057283,0.9929131466571522
55.933,0.5753222155426506,0.9938714614970864
55.953,0.5891292951200114,0.9938714614970864
55.973,0.6024706371912554,0.9938714614970864
55.993,0.6148994109769068,0.9944199286182326
56.013,0.627137616675232,0.9944199286182326
56.033,0.6390940334240409,0.995122052758872
56.053,0.6513057119021651,0.995122052758872
56.073,0.6628392757085991,0.995122052758872
56.093,0.6737138327818962,0.995528080170941
56.113,0.6843189845859315,0.995528080170941
56.133,0.6944981543453622,0.9960340863123011
56.153,0.7049810122120687,0.9960340863123011
56.173,0.7154721205045675,0.9960340863123011
56.193,0.7246060136635497,0.996343149427047
56.213,0.7329184680650944,0.996343149427047
56.233,0.7413591818210801,0.9967673126179608
56.253,0.7492069580701438,0.9967673126179608
56.273,0.756306700418114,0.9967673126179608
56.293,0.7638009258712968,0.9970083054215858
56.313,0.7710580997835793,0.9970083054215858
56.333,0.7780158698304922,0.9973546171105289
56.353,0.7838898342819175,0.9973546171105289
56.373,0.7904288105388866,0.9973546171105289
56.393,0.7966638139691631,0.9975291755295654
56.413,0.8025920453208495,0.9975291755295654
56.433,0.808307744434815,0.9977313245656485
56.453,0.8138939334713782,0.9977313245656485
56.473,0.819197022163943,0.9977313245656485
56.493,0.8244849995813581,0.9978681564821799
56.513,0.8298471169398408,0.9978681564821799
56.533,0.8346082990985506,0.9980256578762923
56.553,0.8391616980596805,0.9980256578762923
56.573,0.8432890522890436,0.9980256578762923
56.593,0.8472281646929359,0.9981162887314768
56.613,0.8510085687676723,0.9981162887314768
56.633,0.8540410497895596,0.998262437343938
56.653,0.8574228592215144,0.998262437343938
56.673,0.8599177017378191,0.998262437343938
56.693,0.8635258437703706,0.998338194107037
56.713,0.8664027773074672,0.998338194107037
56.733,0.8694637038975226,0.9984338654866446
56.753,0.8722968536760436,0.9984338654866446
56.773,0.8754359651742285,0.9984338654866446
56.793,0.8779378238579829,0.998491360430028
56.813,0.879920316724297,0.998491360430028
56.833,0.8813733886681684,0.9985510038177553
56.853,0.8830475822501058,0.9985510038177553
56.873,0.8847965787036354,0.9985510038177553
56.893,0.8875617942422763,0.9985850644587798
56.913,0.8895997398152137,0.9985850644587798
56.933,0.8917036243830689,0.9986457440053285
56.953,0.893658486423848,0.9986457440053285
56.973,0.8967134970553067,0.9986457440053285
56.993,0.8996788683232525,0.9986717740588488
57.013,0.9017821974065013,0.9986717740588488
57.033,0.9043122986689172,0.9987021896383969
57.053,0.9068999324540036,0.9987021896383969
57.073,0.9089273175949113,0.9987021896383969
57.093,0.9110887500952779,0.998717312296942
57.113,0.9125077353960283,0.998717312296942
57.133,0.9144691663046177,0.9987612421892184
57.153,0.9158378839141091,0.9987612421892184
57.173,0.9175767743380544,0.9987612421892184
57.193,0.9193885768682661,0.9987972736652135
57.213,0.9211994471896535,0.9987972736652135
57.233,0.9222769295225463,0.9988512552131942
57.253,0.9233682133577888,0.9988512552131942
57.273,0.9238287261868652,0.9988512552131942
57.293,0.9242180488887469,0.9988746584012032
57.313,0.9253300847364647,0.9988746584012032
57.333,0.9270399025631842,0.998899340389759
57.353,0.9282262046417104,0.998899340389759
57.373,0.9293012823034833,0.998899340389759
57.393,0.9304825832051073,0.9989122034018488
57.413,0.9306677067900972,0.9989122034018488
57.433,0.9325897496124437,0.9989324592437754
57.453,0.9332004635173636,0.9989324592437754
57.473,0.9343921340024802,0.9989324592437754
57.493,0.935655072095079,0.9989288822318486
57.513,0.9365430904289864,0.9989288822318486
57.533,0.9373834983530486,0.9989550423093864
57.553,0.9376893796590118,0.9989550423093864
57.573,0.9383493564744415,0.9989550423093864
57.593,0.9391682971702547,0.9989590812893674
57.613,0.9402358966728535,0.9989590812893674
57.633,0.9411861483140025,0.9989766556937087
57.653,0.9422996773652983,0.9989766556937087
57.673,0.9427608220643957,0.9989766556937087
57.693,0.9432008345051404,0.9989841948676815
57.713,0.9439720791207123,0.9989841948676815
57.733,0.9456066774627633,0.9990011843523015
57.753,0.946159516722629,0.9990011843523015
57.773,0.9471244155328296,0.9990011843523015
57.793,0.9468068423429136,0.999003834881611
57.813,0.9468093840799009,0.999003834881611
57.833,0.9470218219489231,0.9990084503302076
57.853,0.9476126178047374,0.9990084503302076
57.873,0.9475418900612417,0.9990084503302076
57.893,0.9476396606473008,0.9990206814886489
57.913,0.9477803246487762,0.9990206814886489
57.933,0.9472627942769548,0.999041199548558
57.953,0.9477077129318728,0.999041199548558
57.973,0.9488013819335017,0.999041199548558
57.993,0.9494232984124944,0.9990363616761945
58.013,0.9506254313607185,0.9990363616761945
58.033,0.9511288598176143,0.9990364173393821
58.053,0.9512154475691107,0.9990364173393821
58.073,0.9515504955265235,0.9990364173393821
58.093,0.9520317852190753,0.9990248432208014
58.113,0.9513959202548006,0.9990248432208014
58.133,0.9518423280387193,0.9990232191513155
58.153,0.9524694681782716,0.9990232191513155
58.173,0.9527966849793393,0.9990232191513155
58.193,0.9526044017769,0.9990421474412926
58.213,0.9527422607404499,0.9990421474412926
58.233,0.9530074233170026,0.9990431056496967
58.253,0.9534508426286129,0.9990431056496967
58.273,0.9533993789353213,0.9990431056496967
58.293,0.9539251117654896,0.9990443511612501
58.313,0.9543775063243701,0.9990443511612501
58.333,0.953993062520174,0.9990407141780526
58.353,0.9543364950967865,0.9990407141780526
58.373,0.9547413207267111,0.9990407141780526
58.393,0.9548763313989138,0.999044634305083
58.413,0.9546025661092908,0.999044634305083
58.433,0.9544393186853802,0.9990441809069995
58.453,0.953595328574587,0.9990441809069995
58.473,0.9536199086479628,0.9990441809069995
58.493,0.9539261563811383,0.9990430008434426
58.513,0.9541557633862177,0.9990430008434426
58.533,0.9542929088319188,0.9990414816502011
58.553,0.9547717389140006,0.9990414816502011
58.573,0.9550554235122265,0.9990414816502011
58.593,0.954678222924573,0.9990284556824112
58.613,0.9550874728806664,0.9990284556824112
58.633,0.9553444455989263,0.9990262328047859
58.653,0.9552949156918578,0.9990262328047859
58.673,0.9550705637446483,0.9990262328047859
58.693,0.9555013225615346,0.9990233031210762
58.713,0.9555016728014218,0.9990233031210762
58.733,0.9559082499502195,0.9990296786590278
58.753,0.9566134695901479,0.9990296786590278
58.773,0.9579506213404182,0.9990296786590278
58.793,0.9592578718227506,0.9990185864079009
58.813,0.9593030864862212,0.9990185864079009
58.833,0.9594737070967758,0.9990219565200015
58.853,0.9591100623190598,0.9990219565200015
58.873,0.9590929292244571,0.9990219565200015
58.893,0.9594534333648249,0.9990285264210252
58.913,0.9597122600958051,0.9990285264210252
58.933,0.960322466302066,0.9990409309310287
58.953,0.9600264292144877,0.9990409309310287
58.973,0.9605564841264037,0.9990409309310287
58.993,0.9614772875206288,0.9990469560553215
59.013,0.9615851711588999,0.9990469560553215
59.033,0.9624810402996354,0.9990280482214353
59.053,0.962643141824513,0.9990280482214353
59.073,0.962300129411456,0.9990280482214353
59.093,0.9610223053442358,0.9990379746230715
59.113,0.9612313007611131,0.9990379746230715
59.133,0.9617469469429728,0.9990435055880956
59.153,0.9626134625862337,0.9990435055880956
59.173,0.9632646240373754,0.9990435055880956
59.193,0.9633958855601203,0.9990533302339815
59.213,0.9643482906096513,0.9990533302339815
59.233,0.9650654884393326,0.999052887835949
59.253,0.965914282005575,0.999052887835949
59.273,0.9660284193125159,0.999052887835949
59.293,0.9665707970465437,0.9990481650396513
59.313,0.9667990255167458,0.9990481650396513
59.333,0.9673355552929255,0.9990491007182613
59.353,0.9678707378141456,0.9990491007182613
59.373,0.9682495600136298,0.9990491007182613
59.393,0.9680513623531432,0.9990620928569347
59.413,0.9684063869816716,0.9990620928569347
59.433,0.9683497952571689,0.9990747195740769
59.453,0.9678733987516783,0.9990747195740769
59.473,0.9679406816076689,0.9990747195740769
59.493,0.9681491760710785,0.9990729371191409
59.513,0.969011516214302,0.9990729371191409
59.533,0.9692178512259509,0.9990791348906409
59.553,0.9692091750658691,0.9990791348906409
59.573,0.9695673049845565,0.9990791348906409
59.593,0.9689602048865047,0.9990743705962158
59.613,0.9684026483341741,0.9990743705962158
59.633,0.968661222389148,0.99907339768984
59.653,0.9691282714822946,0.99907339768984
59.673,0.9695350610061191,0.99907339768984
59.693,0.9701159508809447,0.999079803432382
59.713,0.9695901192802496,0.999079803432382
59.733,0.9699565293226684,0.9990670379768107
59.753,0.9700614353179166,0.9990670379768107
59.773,0.9693992213709142,0.9990670379768107
59.793,0.9691466396007864,0.9990668462215733
59.813,0.9696269865991178,0.9990668462215733
59.833,0.9696409594640709,0.9990674735127083
59.853,0.9697973652693761,0.9990674735127083
59.873,0.9698253500835972,0.9990674735127083
59.893,0.9695796752311369,0.9990615062537065
59.913,0.9697918131355683,0.9990615062537065
59.933,0.9703922239901963,0.9990564750217008
59.953,0.9703964343877619,0.9990564750217008
59.973,0.9704160788868129,0.9990564750217008
59.993,0.9695075363852491,0.9990535687121272
60.013,0.9695150786865603,0.9990535687121272
60.033,0.9698670129735513,0.9990627865523749
60.053,0.9703639427201778,0.9990627865523749
60.073,0.9698464165385225,0.9990627865523749
60.093,0.9700798429495846,0.9990581482715094
60.113,0.9703591980316381,0.9990581482715094
60.133,0.9713102883149628,0.9990562405627331
60.153,0.9711872892275897,0.9990562405627331
60.173,0.9719360308820049,0.9990562405627331
60.193,0.9725397985665385,0.9990437642853645
60.213,0.9727109142673345,0.9990437642853645
60.233,0.9723589559025039,0.9990477687466864
60.253,0.9720947906091677,0.9990477687466864
60.273,0.9724117920779678,0.9990477687466864
60.293,0.972169262703379,0.9990554536951223
60.313,0.9721137010517633,0.9990554536951223
60.333,0.97266531214528,0.99906235357231
60.353,0.9723099567363455,0.99906235357231
60.373,0.9716874955061727,0.99906235357231
60.393,0.9710655658679348,0.999062654867858
60.413,0.9714283718799636,0.999062654867858
60.433,0.9714768566155766,0.9990571355835952
60.453,0.9724253768622734,0.9990571355835952
60.473,0.9722782002570983,0.9990571355835952
60.493,0.9721855231966122,0.9990590571416204
60.513,0.9722935116205303,0.9990590571416204
60.533,0.9728942447084565,0.9990487881406224
60.553,0.972486129331692,0.9990487881406224
60.573,0.9729398905392794,0.9990487881406224
60.593,0.9729412410869411,0.9990403693233632
60.613,0.9726243869611582,0.9990403693233632
60.633,0.9730069572873246,0.9990393642897273
60.653,0.9734272389359772,0.9990393642897273
60.673,0.9736074013243208,0.9990393642897273
60.693,0.9737821733890869,0.999048019354191
60.713,0.9740321643743625,0.999048019354191
60.733,0.974307626941645,0.9990458147324749
60.753,0.9748748808047721,0.9990458147324749
60.773,0.9752822359215203,0.9990458147324749
60.793,0.9760547008023879,0.9990423996938195
60.813,0.9765707351221786,0.9990423996938195
60.833,0.9770536385902812,0.9990508704106092
60.853,0.9773911195159215,0.9990508704106092
60.873,0.9777662991216031,0.9990508704106092
60.893,0.9780679854835317,0.9990523654294279
60.913,0.9782866897100659,0.9990523654294279
60.933,0.9779283270257123,0.9990584515143307
60.953,0.9787389919920884,0.9990584515143307
60.973,0.9784820918813878,0.9990584515143307
60.993,0.9783929329219454,0.9990675514521535
61.013,0.9776886469707431,0.9990675514521535
61.033,0.9778376976203935,0.999072539562638
61.053,0.9773979151779001,0.999072539562638
61.073,0.9774316499626038,0.999072539562638
61.093,0.9773126749621508,0.9990729711505016
61.113,0.9771282397098813,0.9990729711505016
61.133,0.9757454124927011,0.9990717433892821
61.153,0.9756940427325755,0.9990717433892821
61.173,0.9764269165767832,0.9990717433892821
61.193,0.9763366040440798,0.9990683158975483
61.213,0.9757807034542185,0.9990683158975483
61.233,0.9763775857760526,0.9990533486421799
61.253,0.9762212794778433,0.9990533486421799
61.273,0.9772210777284611,0.9990533486421799
61.293,0.9771093220880744,0.9990509998538342
61.313,0.9769102815177079,0.9990509998538342
61.333,0.9768661081821386,0.9990432660034829
61.353,0.9760616837350893,0.9990432660034829
61.373,0.9758337756589373,0.9990432660034829
61.393,0.9756403371213352,0.9990407219013433
61.413,0.975362552043901,0.9990407219013433
61.433,0.9749592299429807,0.9990418654196471
61.453,0.9753757167806741,0.9990418654196471
61.473,0.9747466810079161,0.9990418654196471
61.493,0.9745530395749339,0.999047427909324
61.513,0.9737527841239952,0.999047427909324
61.533,0.9737413124927338,0.9990369495055672
61.553,0.9743496339856307,0.9990369495055672
61.573,0.9746912548120295,0.9990369495055672
61.593,0.9750518502921431,0.9990280694158112
61.613,0.9748151719829017,0.9990280694158112
61.633,0.9745008988292647,0.9990275509306752
61.653,0.9742998769866049,0.9990275509306752
61.673,0.974758331026845,0.9990275509306752
61.693,0.9753501016292373,0.9990221720594717
61.713,0.9757843694183166,0.9990221720594717
61.733,0.9767968032045146,0.999017630432238
61.753,0.9771629683553656,0.999017630432238
61.773,0.9770547457405976,0.999017630432238
61.793,0.9766639219011561,0.999017079652575
61.813,0.976519414111011,0.999017079652575
61.833,0.9759655806312907,0.9990152266553207
61.853,0.9759812824707768,0.9990152266553207
61.873,0.9758587657981544,0.9990152266553207
61.893,0.9757788799766851,0.9990219023617201
61.913,0.9756534011864644,0.9990219023617201
61.933,0.975388407127599,0.9990312567770939
61.953,0.9756645144548703,0.9990312567770939
61.973,0.9755645123727519,0.9990312567770939
61.993,0.9765240352883447,0.9990315621906605
62.013,0.9755664617964864,0.9990315621906605
62.033,0.9761126916677215,0.9990114402737651
62.053,0.9760345200941161,0.9990114402737651
62.073,0.976247902908022,0.9990114402737651
62.093,0.9759949061373696,0.9990094612422562
62.113,0.9766418111967581,0.9990094612422562
62.133,0.976205854282798,0.9990109044596706
62.153,0.9769934486915265,0.9990109044596706
62.173,0.9776386048329665,0.9990109044596706
62.193,0.9771445086571297,0.9990097699826374
62.213,0.977380979647544,0.9990097699826374
62.233,0.9773919548262394,0.9990115216623398
62.253,0.9779161533824349,0.9990115216623398
62.273,0.97758106516479,0.9990115216623398
62.293,0.9783919633081806,0.9990134482083212
62.313,0.9781332599230201,0.9990134482083212
62.333,0.9775902046754564,0.9990229086659985
62.353,0.9764801420490443,0.9990229086659985
62.373,0.9769582433744953,0.9990229086659985
62.393,0.9771232842308702,0.9990223930892174
62.413,0.9775254040558811,0.9990223930892174
62.433,0.9779272750969427,0.9990148456280529
62.453,0.9775870683651688,0.9990148456280529
62.473,0.9786735089507512,0.9990148456280529
62.493,0.97937431498197,0.9990155633563855
62.513,0.9793078263080739,0.9990155633563855
62.533,0.9791069456086634,0.9990039345338507
62.553,0.979286229759754,0.9990039345338507
62.573,0.9795739200528175,0.9990039345338507
62.593,0.9793988033607693,0.9990043606239215
62.613,0.9792930735056793,0.9990043606239215
62.633,0.9797297604598698,0.9990120932618038
62.653,0.9799207316821024,0.9990120932618038
62.673,0.9795864458366151,0.9990120932618038
62.693,0.9792993403081137,0.9990218564198081
62.713,0.9795405329739166,0.9990218564198081
62.733,0.9795140290019333,0.9990144966600477
62.753,0.980082715949978,0.9990144966600477
62.773,0.9802674606830571,0.9990144966600477
62.793,0.9808208198820133,0.9990161905867886
62.813,0.9809227036466714,0.9990161905867886
62.833,0.9814574840290058,0.9990122675678544
62.853,0.9816903927697603,0.9990122675678544
62.873,0.9826743302658991,0.9990122675678544
62.893,0.9827588437051411,0.9990082506627479
62.913,0.9828315373084214,0.9990082506627479
62.933,0.9826562178519601,0.9990169321760326
62.953,0.9827838280619414,0.9990169321760326
62.973,0.982177609921712,0.9990169321760326
62.993,0.9827211752381166,0.9990231764045178
63.013,0.9825248751538429,0.9990231764045178
63.033,0.9824414696328682,0.9990338291330857
63.053,0.9819167155901208,0.9990338291330857
63.073,0.9825431934585511,0.9990338291330857
63.093,0.982234043117937,0.999037399808666
63.113,0.981927774226523,0.999037399808666
63.133,0.9820701190062998,0.9990330160638491
63.153,0.9817736067549857,0.9990330160638491
63.173,0.9810823561149503,0.9990330160638491
63.193,0.9808279765159486,0.9990291216098982
63.213,0.9801912941402572,0.9990291216098982
63.233,0.9801406232942532,0.9990221562473304
63.253,0.9805646909879315,0.9990221562473304
63.273,0.9797987210157507,0.9990221562473304
63.293,0.9792093462066341,0.0
63.313,0.9789961257060885,0.0
63.333,0.9783913676111233,0.0
63.353,0.9762895511550135,0.0
63.373,0.9728056748209318,0.0
63.393,0.9643646049169937,0.0
63.413,0.9524669618719471,0.0
63.433,0.935288872206529,0.0
63.453,0.9138682120179689,0.0
63.473,0.8893994338903628,0.0
63.493,0.8635465125707076,0.0
63.513,0.8370810010956257,0.0
63.533,0.8111198381484707,0.0
63.553,0.7852820541697545,0.0
63.573,0.7593920158940127,0.0
63.593,0.7328391031117345,0.0
63.613,0.7073721447157199,0.0
63.633,0.6829585556884469,0.0
63.653,0.6586703888000481,0.0
63.673,0.6358677073315451,0.0
63.693,0.6127875493276134,0.0
63.713,0.5909916495538833,0.0
63.733,0.5712160213028304,0.0
63.753,0.550465034323917,0.0
63.773,0.5303500447548641,0.0
63.793,0.5114249805662874,0.0
63.813,0.49277676910037765,0.0
63.833,0.4749789747570072,0.0
63.853,0.4584962748663619,0.0
63.873,0.44291655040346545,0.0
63.893,0.4266130359597785,0.0
63.913,0.41123769368227464,0.0
63.933,0.39690864140754195,0.0
63.953,0.383151459699334,0.0
63.973,0.3695974676812724,0.0
63.993,0.3570224066708244,0.0
64.013,0.3448336064411734,0.0
64.033,0.3335408737474645,0.0
64.053,0.3218304404501201,0.0
64.073,0.31176909811597414,0.0
64.093,0.30049930892480325,0.0
64.113,0.28968619260981454,0.0
64.133,0.28017008863235426,0.0
64.153,0.2700106191849874,0.0
64.173,0.26160475902821023,0.0
64.193,0.2530398873837699,0.0
64.213,0.24465878672862337,0.0
64.233,0.23640148540443676,0.0
64.253,0.22897939586351151,0.0
64.273,0.22176335328775434,0.0
64.293,0.21486820042020624,0.0
64.313,0.20841722506917254,0.0
64.333,0.20183937863450213,0.0
64.353,0.19516627827599226,0.0
64.373,0.1885941194371481,0.0
64.393,0.18280910388825414,0.0
64.413,0.17647424157462013,0.0
64.433,0.1707932433182515,0.0
64.453,0.16520050481611737,0.0
64.473,0.1600430850016118,0.0
64.493,0.15518987192325423,0.0
64.513,0.15060476578572246,0.0
64.533,0.14627424843884101,0.0
64.553,0.14206804470849688,0.0
64.573,0.13781942468392602,0.0
64.593,0.13426069196797585,0.0
64.613,0.13093961124975997,0.0
64.633,0.12778207037442757,0.0
64.653,0.12454918099071252,0.0
64.673,0.12029620640831476,0.0
64.693,0.11622832353308252,0.0
64.713,0.11258907584515675,0.0
64.733,0.1098021248823466,0.0
64.753,0.10658012817535617,0.0
64.773,0.10377118450035194,0.0
64.793,0.10145637807375053,0.0
64.813,0.09876871341947778,0.0
64.833,0.09661686345332343,0.0
64.853,0.09401272446572456,0.0
64.873,0.09115653132171393,0.0
64.893,0.08859212190612463,0.0
64.913,0.08628684639417007,0.0
64.933,0.08406006814473058,0.0
64.953,0.08183524565741494,0.0
64.973,0.08001826944420622,0.0
64.993,0.07896713061412174,0.0
65.013,0.07705202816701766,0.0
65.033,0.07592946776328438,0.0
65.053,0.07353838415888275,0.0
65.073,0.07195287721452578,0.0
65.093,0.07023235554405559,0.0
65.113,0.06948608329472417,0.0
65.133,0.06916639775182072,0.0
65.153,0.06830924615111904,0.0
65.173,0.06704265451682245,0.0
65.193,0.06593314339187295,0.0
65.213,0.06479105626995504,0.0
65.233,0.063447408752003,0.0
65.253,0.06256859785213101,0.0
65.273,0.06196905781423724,0.0
65.293,0.061243039081286046,0.0
65.313,0.060556082953173225,0.0
65.333,0.05925149890711023,0.0
65.353,0.05867343484429043,0.0
65.373,0.05730534099420849,0.0
65.393,0.05620121996419083,0.0
65.413,0.0554014663229663,0.0
65.433,0.05473648872022245,0.0
65.453,0.05447269581123473,0.0
65.473,0.05337501173484811,0.0
65.493,0.0528917658775141,0.0
65.513,0.052122582414171593,0.0
65.533,0.051254706725030644,0.0
65.553,0.05030208633382021,0.0
65.573,0.0497077874190642,0.0
65.593,0.049189549990846536,0.0
65.613,0.04891457104424112,0.0
65.633,0.047957893417884485,0.0
65.653,0.04668110019381568,0.0
65.673,0.04654704150864966,0.0
65.693,0.046610512948734494,0.0
65.713,0.04557328327039842,0.0
65.733,0.04509372029048995,0.0
65.753,0.04439000452899075,0.0
65.773,0.042844024703661894,0.0
65.793,0.04230993618449121,0.0
65.813,0.041882808655403794,0.0
65.833,0.04062552210704323,0.0
65.853,0.03948812782637799,0.0
65.873,0.03856758366206221,0.0
65.893,0.0383800944975966,0.0
65.913,0.03682965568940175,0.0
65.933,0.0360296107673999,0.0
65.953,0.03461416365358141,0.0
65.973,0.03440816650554496,0.0
65.993,0.03445354118334422,0.0
66.013,0.03496045144520381,0.0
66.033,0.03511887713993047,0.0
66.053,0.03404388109983979,0.0
66.073,0.0336495534794254,0.0
66.093,0.03310673386563805,0.0
66.113,0.032387209706240414,0.0
66.133,0.030972741534308162,0.0
66.153,0.030338589467911087,0.0
66.173,0.030152147085172432,0.0
66.193,0.029971384440057286,0.0
66.213,0.02854496579827029,0.0
66.233,0.0277960375063665,0.0
66.253,0.0276597605291415,0.0
66.273,0.027855831080070458,0.0
66.293,0.027444395918572936,0.0
66.313,0.027757490963421422,0.0
66.333,0.027839367852872665,0.0
66.353,0.02760184640036511,0.0
66.373,0.02815216059156804,0.0
66.393,0.027499628655880536,0.0
66.413,0.027405982168647713,0.0
66.433,0.026996666779559985,0.0
66.453,0.026819533997160822,0.0
66.473,0.0265082140613339,0.0
66.493,0.027594939785847837,0.0
66.513,0.027172048868222377,0.0
66.533,0.026563748365467904,0.0
66.553,0.025555557484568274,0.0
66.573,0.025998901263752663,0.0
66.593,0.0259077362435579,0.0
66.613,0.02509691668840508,0.0
66.633,0.0251685324739838,0.0
66.653,0.024731109570011896,0.0
66.673,0.024689712710251447,0.0
66.693,0.023441710776587372,0.0
66.713,0.023446231114413973,0.0
66.733,0.02336117529100842,0.0
66.753,0.022645516801960523,0.0
66.773,0.02177126735799895,0.0
66.793,0.021544015106441012,0.0
66.813,0.02031101657817753,0.0
66.833,0.019769241413678584,0.0
66.853,0.020272489076403593,0.0
66.873,0.019990889025260083,0.0
66.893,0.01900209524697971,0.0
66.913,0.018678112359885417,0.0
66.933,0.018317453323412457,0.0
66.953,0.018113566928732262,0.0
66.973,0.01840036005327663,0.0
66.993,0.01889860324227045,0.0
67.013,0.01910135781489412,0.0
67.033,0.019480299243896937,0.0
67.053,0.019841060387663638,0.0
67.073,0.019688333379328835,0.0
67.093,0.01974052815565011,0.0
67.113,0.019962697851235438,0.0
67.133,0.020416847418013726,0.0
67.153,0.019061111847337955,0.0
67.173,0.018386383675623574,0.0
67.193,0.018409574812029386,0.0
67.213,0.018237087770645432,0.0
67.233,0.018231589538718448,0.0
67.253,0.01849693058174624,0.0
67.273,0.019253189254808886,0.0
67.293,0.019369451098679814,0.0
67.313,0.01939335797393178,0.0
67.333,0.01892397457877882,0.0
67.353,0.018007951127977425,0.0
67.373,0.018503326120128585,0.0
67.393,0.01907014230729633,0.0
67.413,0.01898293782142493,0.0
67.433,0.019389994170269504,0.0
67.453,0.019182156760344772,0.0
67.473,0.01894996776251545,0.0
67.493,0.01908080753626666,0.0
67.513,0.019660421051231308,0.0
67.533,0.019946588963730586,0.0
67.553,0.020383436816052546,0.0
67.573,0.020221734000879687,0.0
67.593,0.020298108680597574,0.0
67.613,0.019963546027503835,0.0
67.633,0.020465910863596448,0.0
67.653,0.01964928736998771,0.0
67.673,0.01994509634667087,0.0
67.693,0.01948280566216123,0.0
67.713,0.019146622946562927,0.0
67.733,0.018674475841999435,0.0
67.753,0.01817439757930982,0.0
67.773,0.018437245486739844,0.0
67.793,0.018046670034012984,0.0
67.813,0.01784171058532269,0.0
67.833,0.017783520053846147,0.0
67.853,0.018071854936632183,0.0
67.873,0.01817761002380058,0.0
67.893,0.017586880010262113,0.0
67.913,0.017562247975262617,0.0
67.933,0.018057359282533637,0.0
67.953,0.01760586024284625,0.0
67.973,0.017612688402725507,0.0
67.993,0.017342481526831793,0.0
68.013,0.017205951347183748,0.0
68.033,0.017517392174767485,0.0
68.053,0.017676160250774682,0.0
68.073,0.017352089198266037,0.0
68.093,0.01772788893421407,0.0
68.113,0.017348088326400734,0.0
68.133,0.016125133860365008,0.0
68.153,0.01522855835470808,0.0
68.173,0.014493849297328405,0.0
68.193,0.014975582112554208,0.0
68.213,0.015271542370732695,0.0
68.233,0.014966123208253121,0.0
68.253,0.015910827010219383,0.0
68.273,0.016116869891801038,0.0
68.293,0.016004768887441942,0.0
68.313,0.015960637969336732,0.0
68.333,0.016683632989577354,0.0
68.353,0.01730005951612721,0.0
68.373,0.0171312897093567,0.0
68.393,0.016586361192280113,0.0
68.413,0.01629391617841502,0.0
68.433,0.01632826300338775,0.0
68.453,0.01585255270480681,0.0
68.473,0.01606182583002289,0.0
68.493,0.015975564380965923,0.0
68.513,0.015766248490456117,0.0
68.533,0.01600533134869461,0.0
68.553,0.015315354020211915,0.0
68.573,0.015061326378468234,0.0
68.593,0.01535077000502317,0.0
68.613,0.016503429016278832,0.0
68.633,0.016489841987636072,0.0
68.653,0.016689657782843946,0.0
68.673,0.01694652927969437,0.0
68.693,0.016247577725896876,0.0
68.713,0.016381283913080826,0.0
68.733,0.01662260916954157,0.0
68.753,0.015445206717136816,0.0
68.773,0.015119803268872354,0.0
68.793,0.01579729559470304,0.0
68.813,0.015440080376960624,0.0
68.833,0.016016631551688473,0.0
68.853,0.015452715262824188,0.0
68.873,0.015179289325421976,0.0
68.893,0.014760871310349942,0.0
68.913,0.014192219966489122,0.0
68.933,0.014705621380297728,0.0
68.953,0.013365519778522,0.0
68.973,0.013189252585026673,0.0
68.993,0.012756939424835582,0.0
69.013,0.013067583155169666,0.0
69.033,0.012744856944338554,0.0
69.053,0.012469782411809346,0.0
69.073,0.01235944066561588,0.0
69.093,0.012369566131368843,0.0
69.113,0.012928623737165069,0.0
69.133,0.012953274861712806,0.0
69.153,0.012191486338913959,0.0
69.173,0.012239129581229002,0.0
69.193,0.011764735395127042,0.0
69.213,0.011562709541418663,0.0
69.233,0.011946356201668566,0.0
69.253,0.011656665011308853,0.0
69.273,0.01199928315066085,0.0
69.293,0.011900068347426015,0.0
69.313,0.011361452169040678,0.0
69.333,0.010932158924969435,0.0
69.353,0.010962639218106389,0.0
69.373,0.010377151803780673,0.0
69.393,0.009351739714106643,0.0
69.413,0.01028385554000127,0.0
69.433,0.010700396660784877,0.0
69.453,0.011215415255467728,0.0
69.473,0.012330113177625942,0.0
69.493,0.012311039999050035,0.0
69.513,0.012297902134539325,0.0
69.533,0.012638396964698977,0.0
69.553,0.01247425811639406,0.0
69.573,0.01260165909814952,0.0
69.593,0.01285847131902132,0.0
69.613,0.013247325296813701,0.0
69.633,0.0137119695154143,0.0
69.653,0.013233579028181819,0.0
69.673,0.012214110281587486,0.0
69.693,0.010958771287379458,0.0
69.713,0.01103355178976322,0.0
69.733,0.009761246765952084,0.0
69.753,0.008772013966333788,0.0
69.773,0.008317583232316014,0.0
69.793,0.008498900373190404,0.0
69.813,0.008489456351455002,0.0
69.833,0.009086040471412033,0.0
69.853,0.009146080213225412,0.0
69.873,0.008973922236253496,0.0
69.893,0.008946753983386044,0.0
69.913,0.008000181577198501,0.0
69.933,0.008071108998325366,0.0
69.953,0.007375538801764083,0.0
69.973,0.007409963848990348,0.0
69.993,0.007213449629977816,0.0
70.013,0.0059919962412419625,0.0
70.033,0.006915236499590334,0.0
70.053,0.00664648457810868,0.0
70.073,0.006206470294343478,0.0
70.093,0.005340866703048111,0.0
70.113,0.0053516953380642876,0.0
70.133,0.004976745691208536,0.0
70.153,0.004603575548074809,0.0
70.173,0.004846200398608263,0.0
70.193,0.005669649836343983,0.0
70.213,0.005993810515138251,0.0
70.233,0.006608272414912237,0.0
70.253,0.006601053230455809,0.0
70.273,0.00713534499134648,0.0
70.293,0.0071346417892461985,0.0
70.313,0.007769563211839956,0.0
70.333,0.007600664646712015,0.0
70.353,0.0071252638806630735,0.0
70.373,0.00737227658646069,0.0
70.393,0.007165214653921568,0.0
70.413,0.006948062380488246,0.0
70.433,0.0070801449907776535,0.0
70.453,0.007528825632631149,0.0
70.473,0.006692893920879959,0.0
70.493,0.006588246362068901,0.0
70.513,0.00658519025206939,0.0
70.533,0.005132630545425433,0.0
70.553,0.004213499193956305,0.0
70.573,0.004248846997048527,0.0
70.593,0.004194131784159819,0.0
70.613,0.004081686731992312,0.0
70.633,0.004625713440857544,0.0
70.653,0.00412450512209437,0.0
70.673,0.004964526802411579,0.0
70.693,0.004643246834174355,0.0
70.713,0.004577605515720941,0.0
70.733,0.005190509573658905,0.0
70.753,0.004592052435744936,0.0
70.773,0.003787977227589947,0.0
70.793,0.0037791084154316502,0.0
70.813,0.0032567005409359817,0.0
70.833,0.0027212082549952984,0.0
70.853,0.0034942944872811393,0.0
70.873,0.00306914084723947,0.0
70.893,0.0036375408089020394,0.0
70.913,0.004657991677551458,0.0
70.933,0.004472211895652696,0.0
70.953,0.004516752668206507,0.0
70.973,0.004859936571935666,0.0
70.993,0.005514456180347212,0.0
71.013,0.005787706007872932,0.0
71.033,0.0049421208352227785,0.0
71.053,0.004702213357294098,0.0
71.073,0.005114936644508112,0.0
71.093,0.005176049191698662,0.0
71.113,0.005109984159984973,0.0
71.133,0.005238296711855867,0.0
71.153,0.005631711820383407,0.0
71.173,0.005735317248338953,0.0
71.193,0.00639574107762014,0.0
71.213,0.005955374753364638,0.0
71.233,0.005597162298434016,0.0
71.253,0.0053938967046503325,0.0
71.273,0.005653808894307428,0.0
71.293,0.005216162788134889,0.0
71.313,0.004896168222038193,0.0
71.333,0.004379128536143523,0.0
71.353,0.0038360690946617746,0.0
71.373,0.0042231187461321835,0.0
71.393,0.005234837936386642,0.0
71.413,0.005597735049774985,0.0
71.433,0.006039159046108384,0.0
71.453,0.00632754107692544,0.0
71.473,0.006703896740679286,0.0
71.493,0.006749825450763941,0.0
71.513,0.00780950700714569,0.0
71.533,0.0076650918424886775,0.0
71.553,0.00754948756503613,0.0
71.573,0.008506363606075987,0.0
71.593,0.009283546998582469,0.0
71.613,0.00902806680670822,0.0
71.633,0.00899370794281755,0.0
71.653,0.009689480332283609,0.0
71.673,0.00981660447952818,0.0
71.693,0.009480689407504274,0.0
71.713,0.009292060814612636,0.0
71.733,0.00892075323788351,0.0
71.753,0.008738788695467476,0.0
71.773,0.00922966901332354,0.0
71.793,0.009975898412846998,0.0
71.813,0.01000595734780124,0.0
71.833,0.01031195460768388,0.0
71.853,0.010054107827141102,0.0
71.873,0.010313970678308198,0.0
71.893,0.01048198190500673,0.0
71.913,0.010272914531307104,0.0
71.933,0.010691194961425664,0.0
71.953,0.010230922448525855,0.0
71.973,0.01000504740156446,0.0
71.993,0.00984992886007827,0.0
