time,vel_y,cmd_y
75.013,0.0032528663474084775,0.0
75.033,0.0023253383666500447,0.0
75.053,0.002591237290776036,0.0
75.073,0.0028962736749187693,0.0
75.093,0.0031508267312854443,0.0
75.113,0.00357844040636702,0.0
75.133,0.004122721206761437,0.0
75.153,0.004064827602462835,0.0
75.173,0.0037551035646540293,0.0
75.193,0.003240816386217758,0.0
75.213,0.0027920252949954327,0.0
75.233,0.002917661455041965,0.0
75.253,0.003683219756599211,0.0
75.273,0.0042307544750751075,0.0
75.293,0.004428270084503652,0.0
75.313,0.004514532552250614,0.0
75.333,0.0032190226373780225,0.0
75.353,0.0027614772207307054,0.0
75.373,0.002494730344861712,0.0
75.393,0.0023546449302449634,0.0
75.413,0.0026957777215563194,0.0
75.433,0.00340865142725364,0.0
75.453,0.0033085562818915572,0.0
75.473,0.00379907113168697,0.0
75.493,0.0035958369629325053,0.0
75.513,0.003657821849472078,0.0
75.533,0.0031757968732355995,0.0
75.553,0.0036673385276475034,0.0
75.573,0.0036566255776111648,0.0
75.593,0.004044376630787789,0.0
75.613,0.004083275244369446,0.0
75.633,0.004852326317405252,0.0
75.653,0.00464604851332742,0.0
75.673,0.00382601573672074,0.0
75.693,0.004182908135035274,0.0
75.713,0.005035030799114485,0.0
75.733,0.005179842398719583,0.0
75.753,0.006187960485374916,0.0
75.773,0.005951092823034681,0.0
75.793,0.0056171112745128735,0.0
75.813,0.004716017679816613,0.0
75.833,0.00471090771267358,0.0
75.853,0.004748544275783313,0.0
75.873,0.005694338710362234,0.0
75.893,0.004744558949508301,0.0
75.913,0.004004927584246348,0.0
75.933,0.0034606082831335114,0.0
75.953,0.0036674152297775666,0.0
75.973,0.003192919950203254,0.0
75.993,0.002900711624514109,0.0
76.013,0.002472660672574556,0.0
76.033,0.002568815141323318,0.0
76.053,0.0025911382320285177,0.0
76.073,0.0031107600226075787,0.0
76.093,0.003271987955298081,0.0
76.113,0.0030812220084857054,0.0
76.133,0.003714917054372003,0.0
76.153,0.0032984558592555574,0.0
76.173,0.003086049217825514,0.0
76.193,0.002815234029230203,0.0
76.213,0.00201914870019581,0.0
76.233,0.001703726940695863,0.0
76.253,0.0022692527410609615,0.0
76.273,0.002371052826268121,0.0
76.293,0.0028390265752413616,0.0
76.313,0.0029958151705754593,0.0
76.333,0.003582572573412245,0.0
76.353,0.004218200649505625,0.0
76.373,0.004766194339470596,0.0
76.393,0.0042196221293535185,0.0
76.413,0.004368582218787562,0.0
76.433,0.004298701253046652,0.0
76.453,0.003984440962265825,0.0
76.473,0.0032836189826880215,0.0
76.493,0.0023412417540020197,0.0
76.513,0.0023992884193674933,0.0
76.533,0.003534470357288838,0.0
76.553,0.004260606889288635,0.0
76.573,0.00529094285552399,0.0
76.593,0.005060238431316995,0.0
76.613,0.006023925341842326,0.0
76.633,0.0064365960840726015,0.0
76.653,0.006282197092070675,0.0
76.673,0.005602781651395525,0.0
76.693,0.005352496604802807,0.0
76.713,0.00538633398503961,0.0
76.733,0.004926017178942439,0.0
76.753,0.005887724145859737,0.0
76.773,0.00615971513649015,0.0
76.793,0.005648465360282894,0.0
76.813,0.005412072654264068,0.0
76.833,0.005529779170913634,0.0
76.853,0.005272296730643349,0.0
76.873,0.005741136412965376,0.0
76.893,0.006030098819730201,0.0
76.913,0.005345608723405917,0.0
76.933,0.004927966170680031,0.0
76.953,0.004236486865050447,0.0
76.973,0.005976040275711448,0.0
76.993,0.006385424904925826,0.0
77.013,0.006653087449705453,0.0
77.033,0.006889433175303153,0.0
77.053,0.006621169866122977,0.0
77.073,0.006465303885827311,0.0
77.093,0.00616876218618875,0.0
77.113,0.005969552314552915,0.0
77.133,0.005800382141010508,0.0
77.153,0.006471827988493246,0.0
77.173,0.006232794592523319,0.0
77.193,0.0057641068333269116,0.0
77.213,0.005964526368911647,0.0
77.233,0.006409187566142302,0.0
77.253,0.007254122258973448,0.0
77.273,0.007222966897333326,0.0
77.293,0.006738076305949876,0.0
77.313,0.005749189180870426,0.0
77.333,0.006049351542985231,0.0
77.353,0.005877359599629613,0.0
77.373,0.005978010846345432,0.0
77.393,0.006295861786226407,0.0
77.413,0.006306218238679154,0.0
77.433,0.005987261154380667,0.0
77.453,0.005132454095588694,0.0
77.473,0.003997179937354695,0.0
77.493,0.002996434595811219,0.0
77.513,0.0022450329291477974,0.0
77.533,0.002699953103788664,0.0
77.553,0.002465298931801151,0.0
77.573,0.0017699061914870828,0.0
77.593,0.001907667840536946,0.0
77.613,0.0020173174502140416,0.0
77.633,0.0022806756778998437,0.0
77.653,0.0021474114461546914,0.0
77.673,0.0025124515957949465,0.0
77.693,0.002701652995901802,0.0
77.713,0.003508150426934317,0.0
77.733,0.0037268399240603495,0.0
77.753,0.0032700300818905535,0.0
77.773,0.0022390615239728496,0.0
77.793,0.002320296862224972,0.0
77.813,0.002366596153705849,0.0
77.833,0.002893953236356833,0.0
77.853,0.003878394331702762,0.0
77.873,0.00377266247106166,0.0
77.893,0.004230509724425326,0.0
77.913,0.004239266670231483,0.0
77.933,0.00511379600635151,0.0
77.953,0.004691361580886403,0.0
77.973,0.0048297599443606135,0.0
77.993,0.0040969441784447285,0.0
78.013,0.0032907947950833578,0.0
78.033,0.0036491940846102543,0.0
78.053,0.002548626381806571,0.0
78.073,0.0029051808959296766,0.0
78.093,0.003584658342782385,0.0
78.113,0.0029234700613077853,0.0
78.133,0.0038150918344323896,0.0
78.153,0.003066703722472001,0.0
78.173,0.003014206558037092,0.0
78.193,0.002951570598189819,0.0
78.213,0.003358202333591079,0.0
78.233,0.003717451665916948,0.0
78.253,0.0031024370759018044,0.0
78.273,0.0029520304625497693,0.0
78.293,0.003201024001573681,0.0
78.313,0.0032837270925320673,0.0
78.333,0.0034907007890815503,0.0
78.353,0.0029145966023594572,0.0
78.373,0.0027858592852406513,0.0
78.393,0.002358769461075131,0.0
78.413,0.0015746069408191536,0.0
78.433,0.0014204943667809281,0.0
78.453,0.0015073734407078387,0.0
78.473,0.0011516496143824928,0.0
78.493,0.0027326554498035417,0.0
78.513,0.0025461965019683533,0.0
78.533,0.00259503424081574,0.0
78.553,0.001965999703970959,0.0
78.573,0.0023509099165149247,0.0
78.593,0.002203982675085588,0.0
78.613,0.0020818250824668322,0.0
78.633,0.0016155950731302207,0.0
78.653,0.0017488544834943596,0.0
78.673,0.00229802615077533,0.0
78.693,0.0019595917321722773,0.0
78.713,0.0017472190263153296,0.0
78.733,0.0004200348336529943,0.0
78.753,-0.00036109253509709535,0.0
78.773,-0.0007410645841665279,0.0
78.793,-0.0012826343696674236,0.0
78.813,-0.000687159941769207,0.0
78.833,0.00021329551003658722,0.0
78.853,0.0005701774075948032,0.0
78.873,0.00048469371269311943,0.0
78.893,0.0014066838220325212,0.0
78.913,0.001502294016117502,0.0
78.933,0.0009427570589992509,0.0
78.953,0.000972910944237282,0.0
78.973,0.0011623646337478345,0.0
78.993,0.0006587925216521644,0.0
79.013,0.0008311221605034222,0.0
79.033,0.0008860800372289958,0.0
79.053,0.0008483430755603593,0.0
79.073,0.0010981901652788201,0.0
79.093,0.0012975886404425429,0.0
79.113,0.0019007071458142187,0.0
79.133,0.0015681824670578483,0.0
79.153,0.0023046058869650287,0.0
79.173,0.001884081699818288,0.0
79.193,0.0023386585361974007,0.0
79.213,0.0021768045304787938,0.0
79.233,0.0021896766020097626,0.0
79.253,0.0018556135327447187,0.0
79.273,0.002326784166272107,0.0
79.293,0.0025531175585594133,0.0
79.313,0.0019550325098556588,0.0
79.333,0.0016132885219612382,0.9998552218567711
79.353,0.002277972220978775,0.9998552218567711
79.373,0.0020893362233648438,0.9998552218567711
79.393,0.002177367942319727,0.9998567261031832
79.413,0.0046631120188769335,0.9998567261031832
79.433,0.010099454457491852,0.9998563399923663
79.453,0.020444796582363502,0.9998563399923663
79.473,0.0344798326403963,0.9998563399923663
79.493,0.05366188729963471,0.9998661909942224
79.513,0.07551287149352372,0.9998661909942224
79.533,0.09877296647849122,0.9975388003963915
79.553,0.12420691343718224,0.9975388003963915
79.573,0.1501928717593812,0.9975388003963915
79.593,0.1753925924297297,0.9938734051002135
79.613,0.20068571039412836,0.9938734051002135
79.633,0.22611668982198266,0.991281360838748
79.653,0.2512721721168268,0.991281360838748
79.673,0.27558649052246964,0.991281360838748
79.693,0.3009511748913397,0.9911382791311705
79.713,0.32428149629562786,0.9911382791311705
79.733,0.34704209271799086,0.9913166028253823
79.753,0.36936970362841437,0.9913166028253823
79.773,0.39038279217490673,0.9913166028253823
79.793,0.4115007548628379,0.991683027741795
79.813,0.4317042085633639,0.991683027741795
79.833,0.45081240477293155,0.9926191438775971
79.853,0.4695235670759275,0.9926191438775971
79.873,0.48772605392988383,0.9926191438775971
79.893,0.5044233536485837,0.9931681521706859
79.913,0.5201338250746238,0.9931681521706859
79.933,0.5363713364967929,0.9940787299220414
79.953,0.5520939191204868,0.9940787299220414
79.973,0.5678282302879288,0.9940787299220414
79.993,0.5830377766635826,0.9946474344315551
80.013,0.5983549281521732,0.9946474344315551
80.033,0.6123031132246283,0.9954052590341057
80.053,0.6256014930370581,0.9954052590341057
80.073,0.6389482731628215,0.9954052590341057
80.093,0.6506956335247845,0.9958286744436505
80.113,0.6631422270096197,0.9958286744436505
80.133,0.6747916698383862,0.9964131887099426
80.153,0.6849103627419576,0.9964131887099426
80.173,0.6949466377354441,0.9964131887099426
80.193,0.7059183955719627,0.9967586371264286
80.213,0.7150677484432058,0.9967586371264286
80.233,0.7237942359880306,0.9972043037144874
80.253,0.7332300352964117,0.9972043037144874
80.273,0.7419358233226153,0.9972043037144874
80.293,0.7499102351398073,0.9974160883533054
80.313,0.7579115182890093,0.9974160883533054
80.333,0.7648383377492554,0.997731019640629
80.353,0.771620936746072,0.997731019640629
80.373,0.7784756572074824,0.997731019640629
80.393,0.7852732869957142,0.9979002391068837
80.413,0.7913199362217005,0.9979002391068837
80.433,0.7972273375738557,0.9981254456549029
80.453,0.8032964963715906,0.9981254456549029
80.473,0.8097953716497608,0.9981254456549029
80.493,0.81494203870492,0.9982424889621258
80.513,0.8200753571106791,0.9982424889621258
80.533,0.8246650354571288,0.998417224616846
80.553,0.8290827696691315,0.998417224616846
80.573,0.8341839662684603,0.998417224616846
80.593,0.8390853165389143,0.9984899964143165
80.613,0.844081148203255,0.9984899964143165
80.633,0.8482543542730764,0.9986238165801836
80.653,0.8519122686719479,0.9986238165801836
80.673,0.8554872231394403,0.9986238165801836
80.693,0.8589131596124439,0.9987002724952441
80.713,0.8626931973455778,0.9987002724952441
80.733,0.8659435395536084,0.998784691757555
80.753,0.8689758235043534,0.998784691757555
80.773,0.8716277409504738,0.998784691757555
80.793,0.8755492222857879,0.9988558003396797
80.813,0.8783848087315667,0.9988558003396797
80.833,0.8813927944108991,0.9989193879129659
80.853,0.8839583963521271,0.9989193879129659
80.873,0.8870455971955149,0.9989193879129659
80.893,0.8893783654017938,0.9989417034081083
80.913,0.892016006611892,0.9989417034081083
80.933,0.8946997366983824,0.9990148078388752
80.953,0.8970941192514179,0.9990148078388752
80.973,0.8993046565891523,0.9990148078388752
80.993,0.9011692681453403,0.9990410419501178
81.013,0.9040746782696927,0.9990410419501178
81.033,0.9068130407830428,0.9990820523928555
81.053,0.9095348734893329,0.9990820523928555
81.073,0.9105335675253617,0.9990820523928555
81.093,0.9133631694317847,0.9991142481360703
81.113,0.9156042817058886,0.9991142481360703
81.133,0.9183736911639508,0.9991505877967704
81.153,0.920539448110262,0.9991505877967704
81.173,0.9220098256281131,0.9991505877967704
81.193,0.9235108171877924,0.9991765957867813
81.213,0.9242107930628463,0.9991765957867813
81.233,0.9262912006841956,0.9992133496330406
81.253,0.9280855995979637,0.9992133496330406
81.273,0.9296772772864758,0.9992133496330406
81.293,0.9306883700606827,0.9992364713818024
81.313,0.931344451971799,0.9992364713818024
81.333,0.9331341825161245,0.9992577621222172
81.353,0.9353184592937324,0.9992577621222172
81.373,0.9354962993645992,0.9992577621222172
81.393,0.9372775351585176,0.9992745180111438
81.413,0.937790009738937,0.9992745180111438
81.433,0.9385017258359929,0.9992952868922117
81.453,0.9394228399783116,0.9992952868922117
81.473,0.9402792275704696,0.9992952868922117
81.493,0.9404380707364578,0.9993050722139483
81.513,0.941084154885496,0.9993050722139483
81.533,0.9415274861751852,0.9993226812337113
81.553,0.9423497079782123,0.9993226812337113
81.573,0.9430511218254841,0.9993226812337113
81.593,0.9448327660485732,0.9993286177707901
81.613,0.9452026210894076,0.9993286177707901
81.633,0.9460423549107616,0.9993420549539297
81.653,0.9468751342948132,0.9993420549539297
81.673,0.947929157583537,0.9993420549539297
81.693,0.9494062079581166,0.9993437728682967
81.713,0.9499656342445217,0.9993437728682967
81.733,0.9504065782027533,0.9993474757103007
81.753,0.9503578141480693,0.9993474757103007
81.773,0.9511318767367105,0.9993474757103007
81.793,0.9515839184738445,0.9993595020640743
81.813,0.9520731273746885,0.9993595020640743
81.833,0.95213474306173,0.9993741670809152
81.853,0.9525680455903842,0.9993741670809152
81.873,0.9533956287708515,0.9993741670809152
81.893,0.9535730812513085,0.9993797132873194
81.913,0.9531198433690216,0.9993797132873194
81.933,0.9546178504390408,0.999376691536931
81.953,0.9549549351176037,0.999376691536931
81.973,0.9550171765246155,0.999376691536931
81.993,0.9551775917259497,0.9993845899421847
82.013,0.9547865216807481,0.9993845899421847
82.033,0.9550599725353319,0.9993826948581978
82.053,0.9544482015956949,0.9993826948581978
82.073,0.9547929954361877,0.9993826948581978
82.093,0.9555992055144799,0.9993845549782042
82.113,0.9558148320153891,0.9993845549782042
82.133,0.9560708722704385,0.9993948742099111
82.153,0.9563727747034364,0.9993948742099111
82.173,0.9580922604668165,0.9993948742099111
82.193,0.9591920707229884,0.9993900440045025
82.213,0.9602249302477275,0.9993900440045025
82.233,0.9609997658564668,0.9993817086655162
82.253,0.9622218841288569,0.9993817086655162
82.273,0.9628194437204712,0.9993817086655162
82.293,0.9632824640577932,0.9993906414530314
82.313,0.964416772248499,0.9993906414530314
82.333,0.9642350941621644,0.9993956944721472
82.353,0.9645377118031679,0.9993956944721472
82.373,0.964753159623937,0.9993956944721472
82.393,0.9645713392598266,0.9994056818439664
82.413,0.9648739926948448,0.9994056818439664
82.433,0.9653423535469247,0.9994218756152147
82.453,0.965430501088897,0.9994218756152147
82.473,0.9663473920814286,0.9994218756152147
82.493,0.9659544110703221,0.9994281220235401
82.513,0.9664723803711308,0.9994281220235401
82.533,0.9668804266631673,0.9994258703706279
82.553,0.9674941242946252,0.9994258703706279
82.573,0.9682761851028974,0.9994258703706279
82.593,0.9693655680509665,0.9994214487631904
82.613,0.9698592780971775,0.9994214487631904
82.633,0.9703261830760996,0.9994316763737947
82.653,0.9706533364419634,0.9994316763737947
82.673,0.971138517214905,0.9994316763737947
82.693,0.9715984909429923,0.9994326973345026
82.713,0.9707928249795734,0.9994326973345026
82.733,0.9702232763971094,0.9994394011877971
82.753,0.9703851075517042,0.9994394011877971
82.773,0.9704864175149067,0.9994394011877971
82.793,0.970984382915984,0.9994534774704615
82.813,0.9712806632730536,0.9994534774704615
82.833,0.9718797583136164,0.9994570238591808
82.853,0.9715132931036071,0.9994570238591808
82.873,0.9721939759871677,0.9994570238591808
82.893,0.9726154827350671,0.9994505515119707
82.913,0.97264821680182,0.9994505515119707
82.933,0.972871724618882,0.9994452907711997
82.953,0.9726774249543658,0.9994452907711997
82.973,0.9728411490658307,0.9994452907711997
82.993,0.9737525604482193,0.9994487765809568
83.013,0.9747919166445868,0.9994487765809568
83.033,0.9756545930687343,0.9994545356980437
83.053,0.9755023467350507,0.9994545356980437
83.073,0.9760506545833675,0.9994545356980437
83.093,0.9766709424308347,0.999452345089818
83.113,0.9774622997908969,0.999452345089818
83.133,0.9773855381989969,0.9994602590915255
83.153,0.9772242203542053,0.9994602590915255
83.173,0.9775222127379396,0.9994602590915255
83.193,0.9771778515739091,0.9994664133246769
83.213,0.9776505952643171,0.9994664133246769
83.233,0.9776837972141631,0.9994693465956977
83.253,0.9768306830823451,0.9994693465956977
83.273,0.9772734041700776,0.9994693465956977
83.293,0.9774515244924983,0.9994757586195798
83.313,0.9770381046103369,0.9994757586195798
83.333,0.9770294520768181,0.9994745336621466
83.353,0.9775622351255219,0.9994745336621466
83.373,0.977277594139749,0.9994745336621466
83.393,0.9768507695478263,0.9994745985916571
83.413,0.9771269558562798,0.9994745985916571
83.433,0.9778361423247556,0.9994713019919276
83.453,0.97796243190038,0.9994713019919276
83.473,0.9778058724533387,0.9994713019919276
83.493,0.9779896084249918,0.9994720742111726
83.513,0.9775904977322438,0.9994720742111726
83.533,0.9780143612736076,0.9994751688390608
83.553,0.9783414958491287,0.9994751688390608
83.573,0.9778025015928103,0.9994751688390608
83.593,0.9768539828623697,0.9994756332545436
83.613,0.9756397855531136,0.9994756332545436
83.633,0.975935548054511,0.9994743149478854
83.653,0.9761588199120805,0.9994743149478854
83.673,0.9763189249830875,0.9994743149478854
83.693,0.976638197826631,0.9994747437757263
83.713,0.9767110095651644,0.9994747437757263
83.733,0.9765122898673464,0.9994695626018221
83.753,0.9764452178628041,0.9994695626018221
83.773,0.9764747400509151,0.9994695626018221
83.793,0.9773544016956162,0.9994674258102118
83.813,0.9784973063499784,0.9994674258102118
83.833,0.978039060935204,0.9994663952565821
83.853,0.9784682420787724,0.9994663952565821
83.873,0.9779843676789193,0.9994663952565821
83.893,0.9780778345200798,0.9994627892083647
83.913,0.9782974715879441,0.9994627892083647
83.933,0.9790482811871025,0.9994682214104743
83.953,0.9789826869080299,0.9994682214104743
83.973,0.977828137776975,0.9994682214104743
83.993,0.9771685742907225,0.9994783640843253
84.013,0.9768800064145519,0.9994783640843253
84.033,0.9771365726283228,0.9994710573018715
84.053,0.9766583385698986,0.9994710573018715
84.073,0.9767131353443375,0.9994710573018715
84.093,0.9775497324231777,0.9994692468938731
84.113,0.9776569011871404,0.9994692468938731
84.133,0.9784325790557307,0.99946736185758
84.153,0.978390736824987,0.99946736185758
84.173,0.9788429297453535,0.99946736185758
84.193,0.9780729257536891,0.999461665248348
84.213,0.9780191078783976,0.999461665248348
84.233,0.9778305326898004,0.9994627594422495
84.253,0.9778758699947288,0.9994627594422495
84.273,0.9777097301923368,0.9994627594422495
84.293,0.977409273480198,0.9994681375309815
84.313,0.9759059882500671,0.9994681375309815
84.333,0.9753208988247506,0.9994724693953677
84.353,0.9756996922538357,0.9994724693953677
84.373,0.976112905349356,0.9994724693953677
84.393,0.9759386633233511,0.9994611393170957
84.413,0.9760649993009678,0.9994611393170957
84.433,0.9761580957475356,0.9994564361730657
84.453,0.9761283498967162,0.9994564361730657
84.473,0.976739635435248,0.9994564361730657
84.493,0.9767955382771148,0.999448980867674
84.513,0.9763340660750462,0.999448980867674
84.533,0.976789706164416,0.9994515007322614
84.553,0.9769339335837994,0.9994515007322614
84.573,0.9775860392941609,0.9994515007322614
84.593,0.9778467070634838,0.9994532247993135
84.613,0.9781975469650291,0.9994532247993135
84.633,0.9801213598957621,0.9994494728074269
84.653,0.9805920236419751,0.9994494728074269
84.673,0.9812196835740925,0.9994494728074269
84.693,0.9817766162241716,0.9994539990098172
84.713,0.9828149708472249,0.9994539990098172
84.733,0.9834475369192537,0.9994612634745498
84.753,0.9836748421822246,0.9994612634745498
84.773,0.9841943961095716,0.9994612634745498
84.793,0.9840221278154672,0.9994605847931386
84.813,0.9846463715275069,0.9994605847931386
84.833,0.9843225833293898,0.9994818702931818
84.853,0.9842478353770089,0.9994818702931818
84.873,0.9837491249232626,0.9994818702931818
84.893,0.9844604583382456,0.9994890019675974
84.913,0.9846692095609242,0.9994890019675974
84.933,0.9840765240747189,0.9994930012922663
84.953,0.9843354246515482,0.9994930012922663
84.973,0.9845125534519438,0.9994930012922663
84.993,0.9846496839397743,0.9994896034434918
85.013,0.9846547028502819,0.9994896034434918
85.033,0.9844067796820231,0.9994898490915681
85.053,0.98459294577233,0.9994898490915681
85.073,0.9851732862573969,0.9994898490915681
85.093,0.9856466382065563,0.9994941374081605
85.113,0.9851367546457336,0.9994941374081605
85.133,0.9852898891760709,0.9994908804877259
85.153,0.9850632816678309,0.9994908804877259
85.173,0.9845388168369482,0.9994908804877259
85.193,0.9840116650799363,0.999487663838779
85.213,0.9840917027492047,0.999487663838779
85.233,0.9843088534478429,0.9994949482498444
85.253,0.9837684063063928,0.9994949482498444
85.273,0.9839892019616826,0.9994949482498444
85.293,0.9838680545155638,0.9994909512463663
85.313,0.9839914824545344,0.9994909512463663
85.333,0.9842508766095464,0.9994781339159077
85.353,0.9848686862847381,0.9994781339159077
85.373,0.985028421090932,0.9994781339159077
85.393,0.9848816316874359,0.999480971519455
85.413,0.9849123936859445,0.999480971519455
85.433,0.9846783923914791,0.9994766040832469
85.453,0.9838751334391217,0.9994766040832469
85.473,0.9837248689517815,0.9994766040832469
85.493,0.9838452933063736,0.9994735458810279
85.513,0.9832810283636609,0.9994735458810279
85.533,0.982815231002822,0.999480884917653
85.553,0.9823189867983858,0.999480884917653
85.573,0.9822266465589166,0.999480884917653
85.593,0.9836407363834744,0.9994824801772333
85.613,0.9844600298062328,0.9994824801772333
85.633,0.985280141293557,0.9994748015629945
85.653,0.9847731003865542,0.9994748015629945
85.673,0.9848609639061815,0.9994748015629945
85.693,0.9849131750325845,0.9994727903732209
85.713,0.9848180604897454,0.9994727903732209
85.733,0.9842745331086282,0.9994662166043305
85.753,0.984340714594574,0.9994662166043305
85.773,0.9849104217377802,0.9994662166043305
85.793,0.9844801320466837,0.9994725645335769
85.813,0.9847854509842183,0.9994725645335769
85.833,0.9844328388956952,0.9994823933711164
85.853,0.9844255978766075,0.9994823933711164
85.873,0.9851198243517877,0.9994823933711164
85.893,0.9849258302154056,0.9994800280665096
85.913,0.9851657690930185,0.9994800280665096
85.933,0.9846240105332122,0.999475666203331
85.953,0.9840882302875693,0.999475666203331
85.973,0.9841642273026775,0.999475666203331
85.993,0.9838531494403104,0.9994779007486604
86.013,0.982882019954134,0.9994779007486604
86.033,0.9821254356911313,0.999476119731869
86.053,0.9830145673795855,0.999476119731869
86.073,0.9834238949856962,0.999476119731869
86.093,0.9824581603137694,0.999476961729343
86.113,0.9819874479444648,0.999476961729343
86.133,0.9817442632682044,0.9994714910976765
86.153,0.9814098960748324,0.9994714910976765
86.173,0.9808637113076277,0.9994714910976765
86.193,0.9803888419357478,0.9994652276763439
86.213,0.980164870587124,0.9994652276763439
86.233,0.9808560312088027,0.9994601318782391
86.253,0.981086442219944,0.9994601318782391
86.273,0.9807550617203449,0.9994601318782391
86.293,0.9810089275924805,0.999458966951805
86.313,0.981134407851308,0.999458966951805
86.333,0.9811726153863972,0.9994519693402478
86.353,0.9817579727014611,0.9994519693402478
86.373,0.981494501975181,0.9994519693402478
86.393,0.9819200346512235,0.9994412195901615
86.413,0.9822793527623104,0.9994412195901615
86.433,0.9824712550128196,0.9994492003709696
86.453,0.9822857764091946,0.9994492003709696
86.473,0.9819197005456006,0.9994492003709696
86.493,0.9818190421964693,0.999451544555973
86.513,0.9813364853787577,0.999451544555973
86.533,0.981374238564995,0.9994503571169182
86.553,0.9817058867477941,0.9994503571169182
86.573,0.9821883870756263,0.9994503571169182
86.593,0.9815960690233726,0.9994550441513677
86.613,0.9827294648015588,0.9994550441513677
86.633,0.983738417769684,0.9994576719664993
86.653,0.9843894872220884,0.9994576719664993
86.673,0.9848284430823078,0.9994576719664993
86.693,0.9858737359063249,0.9994544118963695
86.713,0.9865088318396477,0.9994544118963695
86.733,0.9871053747109466,0.999454146431323
86.753,0.9870315135568181,0.999454146431323
86.773,0.9868591207131934,0.999454146431323
86.793,0.986398502025059,0.9994584180226428
86.813,0.9862217039449432,0.9994584180226428
86.833,0.9861175967672199,0.9994735665607757
86.853,0.9860515339412665,0.9994735665607757
86.873,0.9862670438712761,0.9994735665607757
86.893,0.9858685764695503,0.9994840832104424
86.913,0.9871182092304366,0.9994840832104424
86.933,0.9865370684345052,0.9994817446000812
86.953,0.9873149166352442,0.9994817446000812
86.973,0.9880025054182344,0.9994817446000812
86.993,0.988431381329084,0.999475160414137
87.013,0.9891010090059381,0.999475160414137
87.033,0.9897120034506616,0.999476223494965
87.053,0.9901159823067129,0.999476223494965
87.073,0.9903855492575822,0.999476223494965
87.093,0.9905022110599216,0.999475697316063
87.113,0.9904981382273809,0.999475697316063
87.133,0.9898976312629882,0.9994860145881952
87.153,0.9886298151083669,0.9994860145881952
87.173,0.9888367956173233,0.9994860145881952
87.193,0.9891961237714977,0.9994925635435031
87.213,0.9893572304500975,0.9994925635435031
87.233,0.9895518677755403,0.9994977697752894
87.253,0.9895209051632998,0.9994977697752894
87.273,0.9900509009978214,0.9994977697752894
87.293,0.9904300828343325,0.9994975906602996
87.313,0.9901316753409928,0.9994975906602996
87.333,0.9899344007221509,0.0
87.353,0.9897701129465626,0.0
87.373,0.990254806652057,0.0
87.393,0.9894290100488479,0.0
87.413,0.9865240895272066,0.0
87.433,0.9801838879517482,0.0
87.453,0.969224841526694,0.0
87.473,0.9526211593324132,0.0
87.493,0.9325264643792917,0.0
87.513,0.908771828747762,0.0
87.533,0.882573780729069,0.0
87.553,0.8568055184644532,0.0
87.573,0.8305981742888867,0.0
87.593,0.8045867582398204,0.0
87.613,0.7797669410019338,0.0
87.633,0.7536691188471482,0.0
87.653,0.7288289525252025,0.0
87.673,0.7047757100468423,0.0
87.693,0.6807914775753844,0.0
87.713,0.6562325941800965,0.0
87.733,0.6335357131615921,0.0
87.753,0.6120300993877797,0.0
87.773,0.5905084626771462,0.0
87.793,0.5701199076868104,0.0
87.813,0.5506638530882049,0.0
87.833,0.531867288972853,0.0
87.853,0.5137656758743976,0.0
87.873,0.49620984384803274,0.0
87.893,0.4788743688293282,0.0
87.913,0.4626355162652339,0.0
87.933,0.4473859974153885,0.0
87.953,0.43204247277023294,0.0
87.973,0.4167623208287125,0.0
87.993,0.4012495416495738,0.0
88.013,0.38725608968357594,0.0
88.033,0.3742747727658483,0.0
88.053,0.3610290732024246,0.0
88.073,0.3482458863924046,0.0
88.093,0.33695014087901903,0.0
88.113,0.3253476751280447,0.0
88.133,0.3137480975658992,0.0
88.153,0.30225992074979163,0.0
88.173,0.2916198634187683,0.0
88.193,0.2818968031039951,0.0
88.213,0.2725153646314131,0.0
88.233,0.2634271362833255,0.0
88.253,0.2549198795107912,0.0
88.273,0.24652805880147072,0.0
88.293,0.23850480049786615,0.0
88.313,0.23060599794051043,0.0
88.333,0.2232574786593276,0.0
88.353,0.2166096800006918,0.0
88.373,0.20997285822279313,0.0
88.393,0.20376371962346645,0.0
88.413,0.1970326477795644,0.0
88.433,0.19097371568205385,0.0
88.453,0.1844804389174488,0.0
88.473,0.17962324647251868,0.0
88.493,0.17370769306262637,0.0
88.513,0.1685442603240446,0.0
88.533,0.16289020647603336,0.0
88.553,0.15828510435352747,0.0
88.573,0.15398273918872002,0.0
88.593,0.15043922819482675,0.0
88.613,0.1463031078115691,0.0
88.633,0.14245453060079155,0.0
88.653,0.13847082173701333,0.0
88.673,0.13560254071220523,0.0
88.693,0.13200039363910493,0.0
88.713,0.12815481924250033,0.0
88.733,0.12495876587528325,0.0
88.753,0.12208690331143938,0.0
88.773,0.11893133000790516,0.0
88.793,0.1161017356539627,0.0
88.813,0.114083771924906,0.0
88.833,0.11105816771051824,0.0
88.853,0.10832150196560832,0.0
88.873,0.10475611843935954,0.0
88.893,0.10247158823000768,0.0
88.913,0.1000588488441245,0.0
88.933,0.0963793070206989,0.0
88.953,0.0941068586707332,0.0
88.973,0.09249145823170993,0.0
88.993,0.0913891094975045,0.0
89.013,0.08915329447693499,0.0
89.033,0.08713844682279384,0.0
89.053,0.08622792124641047,0.0
89.073,0.084230472682442,0.0
89.093,0.08242959790235864,0.0
89.113,0.08097057989606542,0.0
89.133,0.07908077697450051,0.0
89.153,0.07708067442964187,0.0
89.173,0.07587879239232002,0.0
89.193,0.07463150796944645,0.0
89.213,0.07276623309058852,0.0
89.233,0.0710228237660966,0.0
89.253,0.0688852572398626,0.0
89.273,0.06788334442205904,0.0
89.293,0.06634737281753565,0.0
89.313,0.06491902673549887,0.0
89.333,0.06263855899522303,0.0
89.353,0.06077020797745433,0.0
89.373,0.059536938367077165,0.0
89.393,0.05970762264714552,0.0
89.413,0.058823999082712436,0.0
89.433,0.057739996985603295,0.0
89.453,0.05732040199085884,0.0
89.473,0.057037644778944095,0.0
89.493,0.056395491534767625,0.0
89.513,0.054983667457624424,0.0
89.533,0.05398135845806873,0.0
89.553,0.052906073583328536,0.0
89.573,0.05143773223386142,0.0
89.593,0.05049876775395711,0.0
89.613,0.049192319571430214,0.0
89.633,0.04815116554304524,0.0
89.653,0.04691883499839486,0.0
89.673,0.046233426475662344,0.0
89.693,0.045941221028719045,0.0
89.713,0.045061924750487134,0.0
89.733,0.04472250774433065,0.0
89.753,0.04399243952827229,0.0
89.773,0.044508764802532054,0.0
89.793,0.04412348377632393,0.0
89.813,0.044607045300088334,0.0
89.833,0.04492929681542656,0.0
89.853,0.045275037952905335,0.0
89.873,0.04571330282484393,0.0
89.893,0.04575359484886843,0.0
89.913,0.04547235074783369,0.0
89.933,0.04442183288040749,0.0
89.953,0.04370938982723226,0.0
89.973,0.04297941364813473,0.0
89.993,0.04298291042541299,0.0
90.013,0.04209851529247459,0.0
90.033,0.04164127229788776,0.0
90.053,0.04089979125189179,0.0
90.073,0.04062319026372363,0.0
90.093,0.04017615560482025,0.0
90.113,0.039360652016775334,0.0
90.133,0.038965989468301966,0.0
90.153,0.03873482326142133,0.0
90.173,0.03835611377093197,0.0
90.193,0.03827721649929041,0.0
90.213,0.03777460140696576,0.0
90.233,0.03771063866219106,0.0
90.253,0.03742799374689652,0.0
90.273,0.03673476760413182,0.0
90.293,0.03611053303136933,0.0
90.313,0.036086501742617044,0.0
90.333,0.03542315250159514,0.0
90.353,0.034480452350669294,0.0
90.373,0.034377280559344095,0.0
90.393,0.033825997043105155,0.0
90.413,0.03351117517434492,0.0
90.433,0.03355062449704751,0.0
90.453,0.03305801107662782,0.0
90.473,0.03177659879215756,0.0
90.493,0.030797995984589023,0.0
90.513,0.02976689660659131,0.0
90.533,0.030256723884066614,0.0
90.553,0.030005529111833518,0.0
90.573,0.028938121044807006,0.0
90.593,0.02816027632410338,0.0
90.613,0.027454519526919127,0.0
90.633,0.02709801087019245,0.0
90.653,0.027563139544947917,0.0
90.673,0.02709824602140663,0.0
90.693,0.02765237551060705,0.0
90.713,0.02729152745939053,0.0
90.733,0.02679544983843401,0.0
90.753,0.026667213421368206,0.0
90.773,0.0268176403309455,0.0
90.793,0.02604682570084848,0.0
90.813,0.02619255141799319,0.0
90.833,0.026463974390054386,0.0
90.853,0.026762484637167492,0.0
90.873,0.025999500205378518,0.0
90.893,0.02589034995910832,0.0
90.913,0.02509864954054051,0.0
90.933,0.02491403647102206,0.0
90.953,0.02405567477667201,0.0
90.973,0.023810049982422723,0.0
90.993,0.0238982349657619,0.0
91.013,0.02503293746277129,0.0
91.033,0.025329097799181792,0.0
91.053,0.02453053502788405,0.0
91.073,0.025268822546123927,0.0
91.093,0.025538519397753458,0.0
91.113,0.02470302267801083,0.0
91.133,0.02448329263331068,0.0
91.153,0.024431017528564313,0.0
91.173,0.024110171177272485,0.0
91.193,0.02343201505638445,0.0
91.213,0.023929550312233958,0.0
91.233,0.023822081855268455,0.0
91.253,0.02307477810253909,0.0
91.273,0.022116296761753237,0.0
91.293,0.021610066017022762,0.0
91.313,0.021289112500567996,0.0
91.333,0.020667381348474068,0.0
91.353,0.020638774182682756,0.0
91.373,0.021647231581031837,0.0
91.393,0.022603434355981816,0.0
91.413,0.023606061634907843,0.0
91.433,0.024682758973655915,0.0
91.453,0.024790722122158167,0.0
91.473,0.02409075454904834,0.0
91.493,0.023618162538292464,0.0
91.513,0.0237166186561797,0.0
91.533,0.0233948113437823,0.0
91.553,0.02287137656599605,0.0
91.573,0.02313087118635739,0.0
91.593,0.022200018930518397,0.0
91.613,0.021475869790153253,0.0
91.633,0.02050501652052942,0.0
91.653,0.01974703274446088,0.0
91.673,0.019626187194583294,0.0
91.693,0.018972580771451083,0.0
91.713,0.018384849189145656,0.0
91.733,0.01750922603683227,0.0
91.753,0.017686416612865526,0.0
91.773,0.01830972650432642,0.0
91.793,0.018518465341225445,0.0
91.813,0.020292087996903237,0.0
91.833,0.02104873311036373,0.0
91.853,0.02145646746892511,0.0
91.873,0.021645786450919472,0.0
91.893,0.02195618431161958,0.0
91.913,0.021372290991779945,0.0
91.933,0.020601299771742573,0.0
91.953,0.020095797019488347,0.0
91.973,0.02056711324913842,0.0
91.993,0.019530004918212867,0.0
92.013,0.019365068733468303,0.0
92.033,0.01907488691752973,0.0
92.053,0.020088865770953753,0.0
92.073,0.020062615945864393,0.0
92.093,0.019223579997977327,0.0
92.113,0.019199635162214124,0.0
92.133,0.01865969871938751,0.0
92.153,0.018064982034605895,0.0
92.173,0.018312720875573785,0.0
92.193,0.018117896123683863,0.0
92.213,0.01792638112210144,0.0
92.233,0.018011260375655588,0.0
92.253,0.01817245424650863,0.0
92.273,0.01889861006246399,0.0
92.293,0.0193372488387004,0.0
92.313,0.019630147198671243,0.0
92.333,0.01949007898085917,0.0
92.353,0.019613941731000336,0.0
92.373,0.019145999986687045,0.0
92.393,0.01910743339491767,0.0
92.413,0.018564874261898505,0.0
92.433,0.01797621356641722,0.0
92.453,0.018185461355309754,0.0
92.473,0.018420339636846295,0.0
92.493,0.018035136990820776,0.0
92.513,0.017993339545298352,0.0
92.533,0.01757242482359267,0.0
92.553,0.016751707612962425,0.0
92.573,0.016170256797115003,0.0
92.593,0.016203220806253114,0.0
92.613,0.016447137881783706,0.0
92.633,0.01585543611210053,0.0
92.653,0.01635769213496113,0.0
92.673,0.016345177115639157,0.0
92.693,0.01624983107856115,0.0
92.713,0.016319272883865362,0.0
92.733,0.016800186834199583,0.0
92.753,0.016666407245111228,0.0
92.773,0.01657943952062573,0.0
92.793,0.016645366747358174,0.0
92.813,0.015901535352305027,0.0
92.833,0.015884506118777394,0.0
92.853,0.015394706475190352,0.0
92.873,0.014305096479866497,0.0
92.893,0.013699249447101717,0.0
92.913,0.01311051884141735,0.0
92.933,0.012298721053006402,0.0
92.953,0.011567678885414927,0.0
92.973,0.012242832625601814,0.0
92.993,0.013273071514393745,0.0
93.013,0.013595844514307353,0.0
93.033,0.014244829846162953,0.0
93.053,0.013902480303032786,0.0
93.073,0.013830995465611715,0.0
93.093,0.014219097154822074,0.0
93.113,0.014104048083532127,0.0
93.133,0.014249656157744975,0.0
93.153,0.01395158698847333,0.0
93.173,0.014574699577179473,0.0
93.193,0.015087367920021343,0.0
93.213,0.015029132333813193,0.0
93.233,0.014926942396772518,0.0
93.253,0.014301700474973252,0.0
93.273,0.01414565410876887,0.0
93.293,0.013307852254913198,0.0
93.313,0.012892600593215496,0.0
93.333,0.01250889224184758,0.0
93.353,0.012334710718322124,0.0
93.373,0.012174988272362866,0.0
93.393,0.011703734804131517,0.0
93.413,0.011960101390341637,0.0
93.433,0.012094896613605707,0.0
93.453,0.012555906984105226,0.0
93.473,0.012133683577613425,0.0
93.493,0.01282400887304313,0.0
93.513,0.013308789700179742,0.0
93.533,0.013760833578787641,0.0
93.553,0.013837790723306698,0.0
93.573,0.013319366563583356,0.0
93.593,0.01304085694691973,0.0
93.613,0.012709037292700193,0.0
93.633,0.011900314673935512,0.0
93.653,0.011451200033483232,0.0
93.673,0.01227987754541043,0.0
93.693,0.012045809183303613,0.0
93.713,0.011348959562940087,0.0
93.733,0.010813643746915895,0.0
93.753,0.01047510793301287,0.0
93.773,0.010070712872485439,0.0
93.793,0.009603817286437494,0.0
93.813,0.009444364626580925,0.0
93.833,0.010459856451949343,0.0
93.853,0.011769028653926423,0.0
93.873,0.013001015120406096,0.0
93.893,0.013329497251688123,0.0
93.913,0.01349388380577727,0.0
93.933,0.013520266398863938,0.0
93.953,0.013180265539304035,0.0
93.973,0.013417623925797588,0.0
93.993,0.01266941399712078,0.0
94.013,0.012203325048239252,0.0
94.033,0.011797704859303593,0.0
94.053,0.012147316065301776,0.0
94.073,0.011824685069059806,0.0
94.093,0.011598031703279764,0.0
94.113,0.011650183710629949,0.0
94.133,0.011765263952213454,0.0
94.153,0.010226671171237265,0.0
94.173,0.010012843099202664,0.0
94.193,0.010560444862377132,0.0
94.213,0.011157815198286099,0.0
94.233,0.011536372676326923,0.0
94.253,0.012711230272021099,0.0
94.273,0.012170604358333843,0.0
94.293,0.011395205458281666,0.0
94.313,0.010849601805187447,0.0
94.333,0.010973405948355608,0.0
94.353,0.01095261864903941,0.0
94.373,0.010936920911551271,0.0
94.393,0.009994409226325683,0.0
94.413,0.009949023935924705,0.0
94.433,0.009507846280377314,0.0
94.453,0.009059729333980719,0.0
94.473,0.00879180095526902,0.0
94.493,0.008464783341544449,0.0
94.513,0.008684477411337621,0.0
94.533,0.008421243023246275,0.0
94.553,0.007744298717082292,0.0
94.573,0.007356259221355113,0.0
94.593,0.007714891120528784,0.0
94.613,0.0072289188847884465,0.0
94.633,0.007888617694519198,0.0
94.653,0.00756973673026469,0.0
94.673,0.006898214874816745,0.0
94.693,0.006810425699107485,0.0
94.713,0.006993423974714559,0.0
94.733,0.0073155279935157805,0.0
94.753,0.007346178492200333,0.0
94.773,0.008056937673305476,0.0
94.793,0.008297570807121867,0.0
94.813,0.00785291606706112,0.0
94.833,0.008361976322195337,0.0
94.853,0.007697435089572616,0.0
94.873,0.007178094339246504,0.0
94.893,0.006789005838078629,0.0
94.913,0.00576992249312485,0.0
94.933,0.006012380425747251,0.0
94.953,0.0060658187861960325,0.0
94.973,0.006015804389862215,0.0
94.993,0.006132227678258668,0.0
95.013,0.006334709617661408,0.0
95.033,0.006899220727700755,0.0
95.053,0.007156122234726658,0.0
95.073,0.0066107875390136826,0.0
95.093,0.006859487154282828,0.0
95.113,0.0069598564957728815,0.0
95.133,0.006998311371507868,0.0
95.153,0.007209802116325944,0.0
95.173,0.00734131220323003,0.0
95.193,0.007730433615678397,0.0
95.213,0.007379605217853022,0.0
95.233,0.006590891223299991,0.0
95.253,0.007068684055354379,0.0
95.273,0.005691355077875685,0.0
95.293,0.0043761745467880775,0.0
95.313,0.0034764581676816862,0.0
95.333,0.0024823533934114415,0.0
95.353,0.0021326491282328257,0.0
95.373,0.0020555427627108372,0.0
95.393,0.0024720284606113366,0.0
95.413,0.002294366522651163,0.0
95.433,0.0019958128465190576,0.0
95.453,0.002102185914085232,0.0
95.473,0.0023128967378494105,0.0
95.493,0.003101348079922944,0.0
95.513,0.0035780951772747204,0.0
95.533,0.0032474842477888117,0.0
95.553,0.004005049780184991,0.0
95.573,0.003776863175288778,0.0
95.593,0.003356026239123759,0.0
95.613,0.0033162147120677035,0.0
95.633,0.0022949015900943035,0.0
95.653,0.002399782784193903,0.0
95.673,0.002207351523886968,0.0
95.693,0.0019121010469755504,0.0
95.713,0.001438191409585053,0.0
95.733,0.0013213832690729182,0.0
95.753,0.0009680971187287082,0.0
95.773,0.0004932851024599524,0.0
95.793,0.001638269448591968,0.0
95.813,0.0016701152492232204,0.0
95.833,0.0018428825273740879,0.0
95.853,0.0021521115939479177,0.0
95.873,0.002675782128408229,0.0
95.893,0.0034099880367162677,0.0
95.913,0.00411831374023392,0.0
95.933,0.004201035223681309,0.0
95.953,0.004657578151169187,0.0
95.973,0.004722041860801457,0.0
95.993,0.004306656770184996,0.0
96.013,0.004448356247775179,0.0
96.033,0.004142900316435655,0.0
96.053,0.004095360349341333,0.0
96.073,0.0043194052333692615,0.0
96.093,0.002851003720936893,0.0
96.113,0.003261792464703072,0.0
96.133,0.003055122527615076,0.0
96.153,0.002857871010497236,0.0
96.173,0.0028819951798608277,0.0
96.193,0.004167493782689089,0.0
96.213,0.004483362131476994,0.0
96.233,0.0045429140795033235,0.0
96.253,0.006048338687925645,0.0
96.273,0.006556661875515965,0.0
96.293,0.006776415035625325,0.0
96.313,0.007111607470911021,0.0
96.333,0.007949179919914121,0.0
96.353,0.008459242437248396,0.0
96.373,0.007951808112519065,0.0
96.393,0.00834676038804789,0.0
96.413,0.008390926224207949,0.0
96.433,0.008010165354023715,0.0
96.453,0.007469282913433258,0.0
96.473,0.006971185922001213,0.0
96.493,0.006841461705743701,0.0
96.513,0.007163396448928646,0.0
96.533,0.007118435945085877,0.0
96.553,0.006666816223578117,0.0
96.573,0.006479660337452513,0.0
96.593,0.006355698339127886,0.0
96.613,0.006040264004770598,0.0
96.633,0.005927213026450643,0.0
96.653,0.0054330268688971145,0.0
96.673,0.0053199000680018566,0.0
96.693,0.005713276029098912,0.0
96.713,0.005570472107192833,0.0
96.733,0.005123281704583647,0.0
96.753,0.0051438470904175354,0.0
96.773,0.005144064637963808,0.0
96.793,0.004522105920718063,0.0
96.813,0.003951036756295662,0.0
96.833,0.0036626196786944403,0.0
96.853,0.003257703204064565,0.0
96.873,0.002428499889418428,0.0
96.893,0.0018419268164228202,0.0
96.913,0.0007017563793192759,0.0
96.933,0.00019197589710289337,0.0
96.953,-0.000732732501934445,0.0
96.973,-0.0013766847161342112,0.0
96.993,-0.0010189982301575886,0.0
97.013,-0.0007165501632636073,0.0
97.033,-0.0009085228088223575,0.0
97.053,-0.0006879947141452639,0.0
97.073,-0.0002809316723725563,0.0
97.093,-8.982233148018485e-05,0.0
97.113,7.061860063979628e-05,0.0
97.133,9.563077748296942e-05,0.0
97.153,-1.478156504516574e-05,0.0
97.173,-0.0003974191953406976,0.0
97.193,-0.0006093246326220141,0.0
97.213,-0.0009778596032168822,0.0
97.233,-0.0010006834314814387,0.0
97.253,-0.0014141823404814043,0.0
97.273,-0.0018522272450342291,0.0
97.293,-0.0026443217751680064,0.0
97.313,-0.0028981095713248007,0.0
97.333,-0.0033782456297336973,0.0
97.353,-0.004209898526948287,0.0
97.373,-0.004405735885646002,0.0
97.393,-0.00412616736080735,0.0
97.413,-0.002806281890729432,0.0
97.433,-0.0028653552721175264,0.0
97.453,-0.0022763032855291983,0.0
97.473,-0.0016914346397379453,0.0
97.493,-0.0014213777264552294,0.0
97.513,-0.0007269633371081942,0.0
97.533,-0.0004664078617704907,0.0
97.553,0.000335294316866447,0.0
97.573,0.0004003488218255927,0.0
97.593,0.00013859525402345872,0.0
97.613,-0.0003706447591717007,0.0
97.633,-0.0010542714433716556,0.0
97.653,-0.0006535822597942799,0.0
97.673,-0.000578465515733602,0.0
97.693,-0.0005360483854732314,0.0
97.713,-0.00038307586172632043,0.0
97.733,-0.0013120447663445486,0.0
97.753,-0.002046313569808093,0.0
97.773,-0.001643188731593928,0.0
97.793,-0.0014410132180621804,0.0
97.813,-0.0013754311682329893,0.0
97.833,-0.0010581708578572904,0.0
97.853,-0.001191318001576324,0.0
97.873,-0.0006438828118419326,0.0
97.893,-0.00042227979990306004,0.0
97.913,-0.0004776032549362911,0.0
97.933,-0.00028419527936857683,0.0
97.953,-0.000508957662262229,0.0
97.973,-0.0008223980796969691,0.0
97.993,-0.0004046113490949511,0.0
98.013,-0.0003233508095133098,0.0
98.033,0.0002866821001853649,0.0
98.053,0.0003684206169987526,0.0
98.073,0.0006040296670100387,0.0
98.093,0.0008115099236728022,0.0
98.113,0.00048374971642791304,0.0
98.133,0.00021028875419723688,0.0
98.153,0.0006558786392518104,0.0
98.173,0.0005760596549714581,0.0
98.193,0.0008187853047105815,0.0
98.213,0.0015494724294679754,0.0
98.233,0.0014334808039105796,0.0
98.253,0.0014408442758136841,0.0
98.273,0.0014352885883294505,0.0
98.293,0.0016004994858086405,0.0
98.313,0.0016037839378709167,0.0
98.333,0.0019066363814802146,0.0
98.353,0.0018506483358738583,0.0
98.373,0.0013341828950613234,0.0
98.393,0.00031481882145260377,0.0
98.413,1.1177262128060072e-05,0.0
98.433,0.0002148587525246567,0.0
98.453,0.0005759106925522153,0.0
98.473,0.0003714759937325308,0.0
98.493,-0.0001946181718552824,0.0
98.513,-0.00033632868634357306,0.0
98.533,-0.0001874744133051266,0.0
98.553,0.0004541599260703714,0.0
98.573,5.117013770296259e-06,0.0
98.593,-0.0003899318141060898,0.0
98.613,0.0004379649766614973,0.0
98.633,0.00022988530867893583,0.0
98.653,0.0007020844477386572,0.0
98.673,0.0011707296552269095,0.0
98.693,0.001072825882766429,0.0
98.713,0.00025939612329714426,0.0
98.733,-1.8727574908828923e-05,0.0
98.753,-0.0002151492949365546,0.0
98.773,0.000731484483374357,0.0
98.793,0.0008714061770266889,0.0
98.813,0.0014865951838131655,0.0
98.833,0.0010455194408438824,0.0
98.853,0.0008101086208363416,0.0
98.873,0.0007454809820893264,0.0
98.893,-0.00019711699792862488,0.0
98.913,-5.283318858907632e-05,0.0
98.933,-0.0002052355700351597,0.0
98.953,0.00010880405209122264,0.0
98.973,3.673838899968006e-05,0.0
98.993,0.0009535501783139833,0.0
99.013,0.001556348745387836,0.0
99.033,0.0020201367696131476,0.0
99.053,0.0017275746425652707,0.0
99.073,0.0013093125693995854,0.0
99.093,0.0015956950280063198,0.0
99.113,0.002106111222087821,0.0
99.133,0.0021199474235274783,0.0
99.153,0.002335504428423911,0.0
99.173,0.0029930787660223785,0.0
99.193,0.003273526760234535,0.0
99.213,0.0032801294876235293,0.0
99.233,0.0030313353345838077,0.0
99.253,0.00325877785928826,0.0
99.273,0.0027702026477496857,0.0
99.293,0.0026363037992432935,0.0
99.313,0.00261612615669948,0.0
99.333,0.0029867296291561764,0.0
99.353,0.0026890937709495555,0.0
99.373,0.0017622522457915078,0.0
99.393,0.0013787044736125655,0.0
99.413,0.0010163199492054078,0.0
99.433,4.916984171258601e-05,0.0
99.453,-8.35385405570733e-05,0.0
99.473,0.0013459989730516373,0.0
99.493,0.0017957132106990543,0.0
99.513,0.0019057857840843145,0.0
99.533,0.0016208719715696638,0.0
99.553,0.0016222981436166022,0.0
99.573,0.0013621895147203093,0.0
99.593,0.002013304101055925,0.0
99.613,0.0025137458095228593,0.0
99.633,0.00227730865278368,0.0
99.653,0.00312573922442972,0.0
99.673,0.0019386993627831372,0.0
99.693,0.001782586066378388,0.0
99.713,0.002250638545692995,0.0
99.733,0.0020361248675160003,0.0
99.753,0.0014540377551815111,0.0
99.773,0.001462411259845316,0.0
99.793,0.001980802338167618,0.0
99.813,0.0024953777419493813,0.0
99.833,0.002624334045247809,0.0
99.853,0.0033891309299631275,0.0
99.873,0.003725729924489902,0.0
99.893,0.0040796005338025795,0.0
99.913,0.0037500815876771003,0.0
99.933,0.0038215330940733656,0.0
99.953,0.004563638267561922,0.0
99.973,0.004117319144671169,0.0
99.993,0.003995805479720332,0.0
