Time,X_vel_uav,Y_vel_uav,Z_vel_uav,yaw_vel_uav,X_cmd_vel,Y_cmd_vel,Z_cmd_vel,yaw_cmd_vel
0.0,0.007,0.0,0.012,-0.0066541726700961,0.0,0.0,-0.0,-0.0
0.0500670999087386,0.007,0.0,0.012,-0.0033466224558651,0.0,0.0,-0.0,-0.0
0.1502012997262158,-0.001,-0.008,0.007,-0.0007270236965268,0.0,0.0,-0.0,-0.0
0.250335499543693,-0.001,-0.008,0.007,-0.0087741976603865,0.0,0.0,-0.0,-0.0
0.3504696993611703,0.008,-0.004,-0.007,-0.011934757232666,0.0,0.0,-0.0,-0.0
0.4506038991786474,0.008,-0.004,-0.007,0.0048124035820364,0.0,0.0,-0.0,-0.0
0.5507380989961247,-0.003,0.0,0.015,-0.0029465125408023,0.0,0.0,-0.0,-0.0
0.6508722988136019,-0.003,0.0,0.015,0.004443044308573,0.0,0.0,-0.0,-0.0
0.7510064986310792,-0.004,0.002,0.027,-0.0032556641381233,0.0,0.0,-0.0,-0.0
0.8511406984485563,-0.004,0.002,0.027,-0.003711883444339,0.0,0.0,-0.0,-0.0
0.9512748982660336,0.006,0.003,0.008,-0.0003559144679456,0.0,0.0,-0.0,-0.0
1.051409098083511,0.006,0.003,0.008,0.0037433800753206,0.0,0.0,-0.0,-0.0
1.151543297900988,0.003,0.005,0.008,-0.0012545934878289,0.0,0.0,-0.0,-0.0
1.2516774977184653,0.003,0.005,0.008,-0.0052518714219331,0.0,0.0,-0.0,-0.0
1.3518116975359424,-0.002,0.007,0.008,0.005436829291284,0.0,0.0,-0.0,-0.0
1.4519458973534196,-0.002,0.007,0.008,-0.0047260224819183,0.0,0.0,-0.0,-0.0
1.5520800971708968,-0.01,0.0,0.02,-0.0017891670577228,0.0,0.0,-0.0,-0.0
1.6522142969883742,-0.01,0.0,0.02,-0.0029034167528152,0.0,0.0,-0.0,-0.0
1.7523484968058514,-0.003,0.009,0.005,-0.0110016968101263,0.0,0.0,-0.0,-0.0
1.8524826966233283,-0.003,0.009,0.005,0.019962303340435,0.0,0.0,-0.0,-0.0
1.9526168964408055,0.0,0.002,0.011,-0.0136813661083579,0.0,0.0,-0.0,-0.0
2.052751096258283,0.0,0.002,0.011,0.0007440656190738,0.0,0.0,-0.0,-0.0
2.1528852960757603,0.004,-0.008,0.0209999999999999,0.004606993868947,0.0,0.0,-0.0,-0.0
2.253019495893237,0.004,-0.008,0.0209999999999999,0.0127141708508133,0.0,0.0,-0.0,-0.0
2.353153695710714,0.003,-0.013,0.024,0.0165198445320129,0.0,0.0,-0.0,-0.0
2.453287895528192,0.003,-0.013,0.024,0.0043270494788885,0.0,0.0,-0.0,-0.0
2.553422095345669,-0.005,-0.012,0.022,0.0047717317938804,0.0,0.0,-0.0,-0.0
2.6535562951631464,-0.005,-0.012,0.022,0.0062702377326786,0.0,0.0,-0.0,-0.0
2.753690494980624,-0.002,0.003,0.01,0.0018153376877307,0.0,0.0,-0.0,-0.0
2.8538246947981007,-0.002,0.003,0.01,0.0055258031934499,0.0,0.0,-0.0,-0.0
2.953958894615578,-0.007,0.004,0.011,0.0037369024939835,0.0,0.0,-0.0,-0.0
3.054093094433055,-0.007,0.004,0.011,0.0100511312484741,0.0,0.0,-0.0,-0.0
3.1542272942505325,-0.009,0.006,-0.002,-0.0042610205709934,0.0,0.0,-0.0,-0.0
3.254361494068009,-0.009,0.006,-0.002,-0.0050976816564798,0.0,0.0,-0.0,-0.0
3.354495693885487,-0.007,0.006,-0.003,0.0094025954604148,0.0,0.0,-0.0,-0.0
3.454629893702964,-0.007,0.006,-0.003,-0.0030698776245117,0.0,0.0,-0.0,-0.0
3.554764093520441,-0.011,0.015,-0.018,0.0090946471318602,0.0,0.0,-0.0,-0.0
3.654898293337919,-0.011,0.015,-0.018,0.0003629771526902,0.0,0.0,-0.0,-0.0
3.755032493155396,-0.006,0.015,-0.0289999999999999,0.0006923110922798,0.0,0.0,-0.0,-0.0
3.855166692972873,-0.006,0.015,-0.0289999999999999,0.0077789663337171,0.0,0.0,-0.0,-0.0
3.95530089279035,-0.004,0.018,-0.039,0.0091814380139112,0.0,0.0,-0.0,-0.0
4.055435092607827,-0.004,0.018,-0.039,-0.0004313404206186,0.0,0.0,-0.0,-0.0
4.155569292425304,-0.001,0.015,-0.037,-0.0033769102301448,0.0,0.0,-0.0,-0.0
4.255703492242782,-0.001,0.015,-0.037,-0.0083240158855915,0.0,0.0,-0.0,-0.0
4.355837692060259,-0.007,0.005,-0.023,-0.0036892022471874,0.0,0.0,-0.0,-0.0
4.455971891877736,-0.007,0.005,-0.023,-0.0018892349908128,0.0,0.0,-0.0,-0.0
4.556106091695214,-0.007,0.006,-0.007,0.0057191736996173,0.0,0.0,-0.0,-0.0
4.656240291512691,-0.007,0.006,-0.007,0.000898040831089,0.0,0.0,-0.0,-0.0
4.756374491330168,-0.004,0.012,-0.003,0.0068046478554606,0.0,0.0,-0.0,-0.0
4.856508691147645,-0.004,0.012,-0.003,0.0078632999211549,0.0,0.0,-0.0,-0.0
4.956642890965123,-0.004,0.017,-0.002,0.0067169312387704,0.0,0.0,-0.0,-0.0
5.0567770907826,-0.004,0.017,-0.002,0.0048914072103798,0.0,0.0,-0.0,-0.0
5.1569112906000765,-0.008,0.012,-0.007,-0.0068711969070136,0.0,0.0,-0.0,-0.0
5.257045490417554,-0.008,0.012,-0.007,0.008469620719552,0.0,0.0,-0.0,-0.0
5.357179690235031,-0.01,0.007,-0.007,-0.0030958857387304,0.0,0.0,-0.0,-0.0
5.457313890052508,-0.01,0.007,-0.007,0.0033363574184477,0.0,0.0,-0.0,-0.0
5.557448089869985,-0.007,0.022,-0.009,0.0065866289660334,0.0,0.0,-0.0,-0.0
5.657582289687463,-0.007,0.022,-0.009,0.0090924892574548,0.0,0.0,-0.0,-0.0
5.75771648950494,-0.009,0.004,0.008,0.0033772550523281,0.0,0.0,-0.0,-0.0
5.857850689322417,-0.009,0.004,0.008,0.0039263139478862,0.0,0.0,-0.0,-0.0
5.957984889139895,0.003,-0.004,0.019,0.0061868289485573,0.0,0.0,-0.0,-0.0
6.058119088957372,0.003,-0.004,0.019,0.0099421497434377,0.0,0.0,-0.0,-0.0
6.158253288774849,0.0,-0.004,0.011,0.0095099052414298,0.0,0.0,-0.0,-0.0
6.258387488592327,0.0,-0.004,0.011,0.003587803337723,0.0,0.0,-0.0,-0.0
6.358521688409804,-0.003,-0.005,0.004,0.0161700621247291,0.0,0.0,-0.0,-0.0
6.45865588822728,-0.003,-0.005,0.004,-0.0062564178369939,0.0,0.0,-0.0,-0.0
6.558790088044757,-0.002,-0.004,-0.007,0.0015211624559015,0.0,0.0,-0.0,-0.0
6.658924287862235,-0.002,-0.004,-0.007,0.0014219142030924,0.0,0.0,-0.0,-0.0
6.759058487679712,-0.002,-0.006,-0.0,0.008125951513648,0.0,0.0,-0.0,-0.0
6.859192687497189,-0.002,-0.006,-0.0,-0.0013594806659966,0.0,0.0,-0.0,-0.0
6.959326887314667,0.0,-0.014,-0.007,-0.0009078674484044,0.0,0.0,-0.0,-0.0
7.059461087132144,0.0,-0.014,-0.007,0.0019514446612447,0.0,0.0,-0.0,-0.0
7.159595286949621,-0.004,-0.017,0.002,-0.0031936389859765,0.0,0.0,-0.0,-0.0
7.259729486767099,-0.004,-0.017,0.002,0.0060827541165053,0.0,0.0,-0.0,-0.0
7.359863686584576,-0.003,-0.014,-0.007,-0.0047497553750872,0.0,0.0,-0.0,-0.0
7.459997886402053,-0.003,-0.014,-0.007,-0.0021812156774103,0.0,0.0,-0.0,-0.0
7.56013208621953,-0.001,-0.011,0.001,0.0091313757002353,0.0,0.0,-0.0,-0.0
7.660266286037007,-0.001,-0.011,0.001,-0.0013018430909141,0.0,0.0,-0.0,-0.0
7.760400485854484,0.0,-0.002,-0.002,0.0125959636643528,0.0,0.0,-0.0,-0.0
7.860534685671961,0.0,-0.002,-0.002,-0.0041154357604682,0.0,0.0,-0.0,-0.0
7.960668885489439,-0.002,-0.001,0.013,-0.0051748631522059,0.0,0.0,-0.0,-0.0
8.060803085306915,-0.002,-0.001,0.013,0.0036736652255058,0.0,0.0,-0.0,-0.0
8.160937285124394,0.006,-0.007,0.015,-0.0076978076249361,0.0,0.0,-0.0,-0.0
8.261071484941871,0.006,-0.007,0.015,-0.0096905166283249,0.0,0.0,-0.0,-0.0
8.361205684759348,0.008,-0.012,0.005,-0.0027730257716029,0.0,0.0,-0.0,-0.0
8.461339884576825,0.008,-0.012,0.005,-0.002314202254638,0.0,0.0,-0.0,-0.0
8.561474084394302,0.011,-0.007,-0.003,-0.0060473009943962,-0.0,0.0,1.0,-0.0
8.661608284211779,0.011,-0.007,-0.003,-0.0188584551215171,-0.0,0.0,1.0,-0.0
8.761742484029256,0.002,0.001,0.126,-0.0069209807552397,-0.0,0.0,1.0,-0.0
8.861876683846734,0.002,0.001,0.126,0.0211342126131057,-0.0,0.0,1.0,-0.0
8.962010883664211,0.004,-0.01,0.5519999999999999,0.0211109444499015,-0.0,0.0,1.0,-0.0
9.062145083481688,0.004,-0.01,0.5519999999999999,0.0203975141048431,-0.0,0.0,1.0,-0.0
9.162279283299164,0.006,0.007,0.827,0.010673264041543,-0.0,0.0,1.0,-0.0
9.262413483116642,0.006,0.007,0.827,0.0019046722445636,-0.0,0.0,1.0,-0.0
9.36254768293412,0.004,0.007,0.981,0.0021758007351309,-0.0,0.0,1.0,-0.0
9.462681882751598,0.004,0.007,0.981,0.001428892603144,-0.0,0.0,1.0,-0.0
9.562816082569077,0.003,0.01,1.037,-0.0028899020981043,-0.0,0.0,1.0,-0.0
9.662950282386552,0.003,0.01,1.037,-0.0113932555541396,-0.0,0.0,1.0,-0.0
9.763084482204029,0.004,0.0,1.034,-0.0056432872079312,-0.0,0.0,1.0,-0.0
9.863218682021506,0.004,0.0,1.034,-0.0085452906787395,-0.0,0.0,1.0,-0.0
9.963352881838984,0.009,0.0,1.026,0.0044872257858514,-0.0,0.0,1.0,-0.0
10.06348708165646,0.009,0.0,1.026,0.002261629095301,-0.0,0.0,1.0,-0.0
10.163621281473938,0.011,0.004,1.023,-0.0046552051790058,-0.0,0.0,1.0,-0.0
10.263755481291415,0.011,0.004,1.023,0.0012679619248956,-0.0,0.0,1.0,-0.0
10.363889681108892,0.023,0.005,1.014,-0.0007049194537103,-0.0,0.0,1.0,-0.0
10.46402388092637,0.023,0.005,1.014,0.0040303193964064,-0.0,0.0,1.0,-0.0
10.564158080743846,0.024,0.002,1.013,-0.0003563610371202,-0.0,0.0,1.0,-0.0
10.664292280561323,0.024,0.002,1.013,-0.0050680395215749,-0.0,0.0,1.0,-0.0
10.7644264803788,0.02,-0.005,1.01,-0.0078994184732437,-0.0,0.0,1.0,-0.0
10.86456068019628,0.02,-0.005,1.01,-0.0135920736938714,-0.0,0.0,1.0,-0.0
10.964694880013756,0.013,-0.016,1.001,-0.000341978855431,-0.0,0.0,1.0,-0.0
11.064829079831233,0.013,-0.016,1.001,0.0028900150209665,-0.0,0.0,1.0,-0.0
11.16496327964871,0.003,0.003,0.998,-0.0027268580161035,-0.0,0.0,1.0,-0.0
11.265097479466188,0.003,0.003,0.998,0.0006454386748373,-0.0,0.0,1.0,-0.0
11.365231679283664,0.009,0.001,1.014,0.0015907326014712,-0.0,0.0,1.0,-0.0
11.46536587910114,0.009,0.001,1.014,-0.0021654560696333,-0.0,0.0,1.0,-0.0
11.56550007891862,0.004,-0.02,1.014,0.0015295310877263,-0.0,0.0,1.0,-0.0
11.665634278736096,0.004,-0.02,1.014,-0.0036639766767621,-0.0,0.0,1.0,-0.0
11.765768478553571,-0.002,-0.003,1.013,0.0038505867123603,-0.0,0.0,1.0,-0.0
11.86590267837105,-0.002,-0.003,1.013,0.0001120274537242,-0.0,0.0,1.0,-0.0
11.966036878188527,-0.004,-0.002,1.006,0.0003307908773422,-0.0,0.0,1.0,-0.0
12.066171078006004,-0.004,-0.002,1.006,0.0017435369081795,-0.0,0.0,1.0,-0.0
12.166305277823485,-0.006,0.018,1.0,-0.0031152935698628,-0.0,0.0,1.0,-0.0
12.26643947764096,-0.006,0.018,1.0,-0.0002668279921635,-0.0,0.0,1.0,-0.0
12.366573677458437,-0.016,-0.003,0.987,-0.0037495389115065,-0.0,0.0,1.0,-0.0
12.466707877275914,-0.016,-0.003,0.987,0.0065934448502957,-0.0,0.0,1.0,-0.0
12.56684207709339,0.003,-0.008,0.976,0.0098337884992361,-0.0,0.0,1.0,-0.0
12.666976276910868,0.003,-0.008,0.976,0.0013385829515755,-0.0,0.0,1.0,-0.0
12.767110476728345,-0.004,0.015,0.985,-0.006149070803076,-0.0,0.0,1.0,-0.0
12.867244676545823,-0.004,0.015,0.985,0.0018227904802188,-0.0,0.0,1.0,-0.0
12.9673788763633,-0.008,0.016,0.967,-0.0003060403978452,-0.0,0.0,1.0,-0.0
13.067513076180775,-0.008,0.016,0.967,0.0029851819854229,-0.0,0.0,1.0,-0.0
13.167647275998254,-0.006,0.022,0.976,0.0042732558213174,-0.0,0.0,1.0,-0.0
13.267781475815733,-0.006,0.022,0.976,0.0011593869421631,0.0,0.0,-0.0,-0.0
13.367915675633208,-0.01,-0.004,1.001,0.0036248741671442,0.0,0.0,-0.0,-0.0
13.468049875450683,-0.01,-0.004,1.001,0.0018371297046542,0.0,0.0,-0.0,-0.0
13.568184075268164,-0.012,0.008,0.678,0.0036721527576446,0.0,0.0,-0.0,-0.0
13.66831827508564,-0.012,0.008,0.678,-0.002134365029633,0.0,0.0,-0.0,-0.0
13.768452474903118,-0.01,0.027,0.32,0.0033294563181698,0.0,0.0,-0.0,-0.0
13.868586674720596,-0.01,0.027,0.32,-0.0010387969668954,0.0,0.0,-0.0,-0.0
13.968720874538072,0.0,0.018,0.099,0.0006858390988782,0.0,0.0,-0.0,-0.0
14.068855074355548,0.0,0.018,0.099,0.0077569829300045,0.0,0.0,-0.0,-0.0
14.168989274173027,0.01,0.026,-0.033,-0.0051515735685825,0.0,0.0,-0.0,-0.0
14.269123473990504,0.01,0.026,-0.033,0.0163070484995841,0.0,0.0,-0.0,-0.0
14.36925767380798,0.011,0.023,-0.0689999999999999,0.0027961814776062,0.0,0.0,-0.0,-0.0
14.469391873625458,0.011,0.023,-0.0689999999999999,0.0096898162737488,0.0,0.0,-0.0,-0.0
14.569526073442937,-0.016,0.008,-0.037,0.0026556707452982,0.0,0.0,-0.0,-0.0
14.669660273260412,-0.016,0.008,-0.037,0.0040973676368594,0.0,0.0,-0.0,-0.0
14.769794473077887,-0.006,0.013,0.01,0.006139506585896,0.0,0.0,-0.0,-0.0
14.869928672895368,-0.006,0.013,0.01,0.007672443985939,0.0,0.0,-0.0,-0.0
14.970062872712845,-0.01,-0.005,0.0209999999999999,-0.0003115336294285,0.0,0.0,-0.0,-0.0
15.070197072530322,-0.01,-0.005,0.0209999999999999,-9.308743756264448e-05,0.0,0.0,-0.0,-0.0
15.1703312723478,-0.014,-0.017,0.05,0.0003135962761007,0.0,0.0,-0.0,-0.0
15.270465472165276,-0.014,-0.017,0.05,0.0018530621891841,0.0,0.0,-0.0,-0.0
15.370599671982752,-0.0209999999999999,-0.015,0.039,0.0010037820320576,0.0,0.0,-0.0,-0.0
15.47073387180023,-0.0209999999999999,-0.015,0.039,-0.0053083477541804,0.0,0.0,-0.0,-0.0
15.570868071617708,-0.02,-0.005,0.013,-0.0050234538502991,0.0,0.0,-0.0,-0.0
15.671002271435183,-0.02,-0.005,0.013,-0.0001738669816404,0.0,0.0,-0.0,-0.0
15.771136471252662,-0.013,-0.005,-0.002,0.0030214441940188,0.0,0.0,-0.0,-0.0
15.87127067107014,-0.013,-0.005,-0.002,0.0039469082839787,0.0,0.0,-0.0,-0.0
15.971404870887616,-0.016,0.001,-0.039,0.003973240032792,0.0,0.0,-0.0,-0.0
16.071539070705093,-0.016,0.001,-0.039,0.0024216012097895,0.0,0.0,-0.0,-0.0
16.17167327052257,-0.014,0.002,-0.043,0.0086400751024484,0.0,0.0,-0.0,-0.0
16.271807470340047,-0.014,0.002,-0.043,-0.0067645190283656,0.0,0.0,-0.0,-0.0
16.371941670157526,-0.007,0.005,-0.028,-0.0014600619906559,0.0,0.0,-0.0,-0.0
16.472075869975,-0.007,0.005,-0.028,-0.0025259931571781,0.0,0.0,-0.0,-0.0
16.57221006979248,-0.003,0.0,-0.03,-0.0001315313857048,0.0,0.0,-0.0,-0.0
16.672344269609958,-0.003,0.0,-0.03,0.0017579044215381,0.0,0.0,-0.0,-0.0
16.772478469427433,-0.007,0.011,-0.031,0.0098664192482829,0.0,0.0,-0.0,-0.0
16.872612669244912,-0.007,0.011,-0.031,-0.0032920325174927,0.0,0.0,-0.0,-0.0
16.972746869062387,0.005,-0.013,-0.014,0.009817749261856,0.0,0.0,-0.0,-0.0
17.072881068879866,0.005,-0.013,-0.014,0.0015677697956562,0.0,0.0,-0.0,-0.0
17.17301526869734,-0.005,-0.016,-0.02,0.0006660069338977,-0.0,0.0,-1.0,-0.0
17.27314946851482,-0.005,-0.016,-0.02,-0.0017203564057126,-0.0,0.0,-1.0,-0.0
17.3732836683323,-0.026,-0.027,-0.105,0.0013490301789715,-0.0,0.0,-1.0,-0.0
17.473417868149774,-0.026,-0.027,-0.105,0.0032766270451247,-0.0,0.0,-1.0,-0.0
17.573552067967253,-0.02,-0.017,-0.521,0.0032983201090246,-0.0,0.0,-1.0,-0.0
17.673686267784728,-0.02,-0.017,-0.521,0.0050383564084768,-0.0,0.0,-1.0,-0.0
17.773820467602206,0.003,-0.0349999999999999,-0.8019999999999999,-0.0028531360439956,-0.0,0.0,-1.0,-0.0
17.87395466741968,0.003,-0.0349999999999999,-0.8019999999999999,-0.0041744848713278,-0.0,0.0,-1.0,-0.0
17.97408886723716,0.018,-0.043,-0.956,-0.0024664953816682,-0.0,0.0,-1.0,-0.0
18.07422306705464,0.018,-0.043,-0.956,0.0048989923670887,-0.0,0.0,-1.0,-0.0
18.174357266872114,0.0209999999999999,-0.045,-1.036,0.0206001847982406,-0.0,0.0,-1.0,-0.0
18.274491466689597,0.0209999999999999,-0.045,-1.036,0.0023545082658529,-0.0,0.0,-1.0,-0.0
18.374625666507068,0.002,-0.034,-1.027,0.0033610130194574,-0.0,0.0,-1.0,-0.0
18.474759866324547,0.002,-0.034,-1.027,-0.0115334205329418,-0.0,0.0,-1.0,-0.0
18.574894066142026,-0.004,-0.031,-1.001,-0.0101631013676524,-0.0,0.0,-1.0,-0.0
18.6750282659595,-0.004,-0.031,-1.001,-0.0060788826085627,-0.0,0.0,-1.0,-0.0
18.77516246577698,0.001,-0.0209999999999999,-0.988,-0.0135977184399962,-0.0,0.0,-1.0,-0.0
18.87529666559445,0.001,-0.0209999999999999,-0.988,0.0056679681874811,-0.0,0.0,-1.0,-0.0
18.975430865411933,-0.002,0.0,-1.0,0.008625328540802,-0.0,0.0,-1.0,-0.0
19.07556506522941,-0.002,0.0,-1.0,0.0022767873015254,-0.0,0.0,-1.0,-0.0
19.175699265046887,-0.007,-0.01,-0.998,-0.0129735032096505,-0.0,0.0,-1.0,-0.0
19.27583346486437,-0.007,-0.01,-0.998,0.012132428586483,-0.0,0.0,-1.0,-0.0
19.37596766468184,-0.011,0.0,-1.002,0.0089699644595384,-0.0,0.0,-1.0,-0.0
19.47610186449932,-0.011,0.0,-1.002,0.0113290734589099,-0.0,0.0,-1.0,-0.0
19.576236064316795,-0.005,0.011,-0.985,0.0053037293255329,-0.0,0.0,-1.0,-0.0
19.676370264134277,-0.005,0.011,-0.985,-0.0001543457619845,-0.0,0.0,-1.0,-0.0
19.77650446395175,-0.004,0.015,-0.991,-0.0052347648888826,-0.0,0.0,-1.0,-0.0
19.876638663769228,-0.004,0.015,-0.991,-0.0074701411649584,-0.0,0.0,-1.0,-0.0
19.976772863586707,-0.003,0.0289999999999999,-0.988,0.0067343083210289,-0.0,0.0,-1.0,-0.0
20.07690706340418,-0.003,0.0289999999999999,-0.988,0.0121828811243176,-0.0,0.0,-1.0,-0.0
20.17704126322166,-0.001,0.027,-0.981,-0.0154544403776526,-0.0,0.0,-1.0,-0.0
20.277175463039136,-0.001,0.027,-0.981,-0.0077237226068973,-0.0,0.0,-1.0,-0.0
20.37730966285661,0.001,0.01,-0.966,0.0042314627207815,-0.0,0.0,-1.0,-0.0
20.47744386267409,0.001,0.01,-0.966,-0.0108493594452738,-0.0,0.0,-1.0,-0.0
20.57757806249157,0.003,0.012,-0.954,-0.0240450762212276,-0.0,0.0,-1.0,-0.0
20.677712262309047,0.003,0.012,-0.954,-0.0176732055842876,-0.0,0.0,-1.0,-0.0
20.77784646212652,0.006,0.008,-0.952,0.0097806397825479,-0.0,0.0,-1.0,-0.0
20.877980661944,0.006,0.008,-0.952,0.0133840525522828,-0.0,0.0,-1.0,-0.0
20.97811486176148,0.004,0.01,-0.979,0.0117593742907047,-0.0,0.0,-1.0,-0.0
21.078249061578955,0.004,0.01,-0.979,-0.0140726696699857,-0.0,0.0,-1.0,-0.0
21.17838326139643,-0.007,-0.004,-0.97,0.0037628458812832,-0.0,0.0,-1.0,-0.0
21.27851746121391,-0.007,-0.004,-0.97,-0.0008546986500732,0.0,0.0,-0.0,-0.0
21.378651661031387,0.0,0.0,-0.989,-0.0316397696733474,0.0,0.0,-0.0,-0.0
21.478785860848863,0.0,0.0,-0.989,-0.010858048684895,0.0,0.0,-0.0,-0.0
21.57892006066634,0.0,-0.005,-0.6599999999999999,-0.0363575220108032,0.0,0.0,-0.0,-0.0
21.679054260483817,0.0,-0.005,-0.6599999999999999,-5.471636541187763e-06,0.0,0.0,-0.0,-0.0
21.77918846030129,-0.0209999999999999,-0.036,-0.309,0.0106450179591774,0.0,0.0,-0.0,-0.0
21.87932266011877,-0.0209999999999999,-0.036,-0.309,0.0238991416990757,0.0,0.0,-0.0,-0.0
21.97945685993625,-0.022,-0.019,-0.101,0.0183539148420095,0.0,0.0,-0.0,-0.0
22.079591059753728,-0.022,-0.019,-0.101,0.0243100263178348,0.0,0.0,-0.0,-0.0
22.179725259571203,-0.012,0.003,0.012,0.0126569140702486,0.0,0.0,-0.0,-0.0
22.27985945938868,-0.012,0.003,0.012,0.0179384686052799,0.0,0.0,-0.0,-0.0
22.37999365920616,-0.012,-0.011,0.062,0.0121502373367547,0.0,0.0,-0.0,-0.0
22.48012785902364,-0.012,-0.011,0.062,0.0074720126576721,0.0,0.0,-0.0,-0.0
22.58026205884111,0.004,-0.015,0.019,0.0152701493352651,0.0,0.0,-0.0,-0.0
22.68039625865859,0.004,-0.015,0.019,0.0109728714451193,0.0,0.0,-0.0,-0.0
22.78053045847607,0.018,-0.011,-0.016,0.0034355206880718,0.0,0.0,-0.0,-0.0
22.880664658293544,0.018,-0.011,-0.016,-0.000476702756714,0.0,0.0,-0.0,-0.0
22.980798858111022,0.016,-0.012,-0.024,0.0095953997224569,0.0,0.0,-0.0,-0.0
23.080933057928497,0.016,-0.012,-0.024,0.0114012192934751,0.0,0.0,-0.0,-0.0
23.181067257745976,0.009,-0.026,-0.013,0.0011966180754825,0.0,0.0,-0.0,-0.0
23.28120145756345,0.009,-0.026,-0.013,-0.0011175232939422,0.0,0.0,-0.0,-0.0
23.38133565738093,0.011,-0.014,-0.011,0.0002670463873073,0.0,0.0,-0.0,-0.0
23.48146985719841,0.011,-0.014,-0.011,0.0069166678003966,0.0,0.0,-0.0,-0.0
23.581604057015884,0.013,-0.011,-0.012,0.0030650780536234,0.0,0.0,-0.0,-0.0
23.681738256833363,0.013,-0.011,-0.012,0.0029928484000265,0.0,0.0,-0.0,-0.0
23.78187245665084,0.007,-0.012,0.005,-0.0024886224418878,0.0,0.0,-0.0,-0.0
23.88200665646832,0.007,-0.012,0.005,0.0175592843443155,0.0,0.0,-0.0,-0.0
23.982140856285795,0.009,-0.007,0.009,-0.011012153699994,0.0,0.0,-0.0,-0.0
24.08227505610327,0.009,-0.007,0.009,0.0048572039231657,0.0,0.0,-0.0,-0.0
24.18240925592075,0.005,-0.013,0.012,-0.0081068901345133,0.0,0.0,-0.0,-0.0
24.282543455738224,0.005,-0.013,0.012,0.0073293289169669,0.0,0.0,-0.0,-0.0
24.382677655555703,0.0,-0.013,0.015,-0.0029846052639186,0.0,0.0,-0.0,-0.0
24.48281185537318,0.0,-0.013,0.015,0.0028306236490607,0.0,0.0,-0.0,-0.0
24.582946055190657,-0.003,0.001,0.032,-0.0017928460147231,0.0,0.0,-0.0,-0.0
24.683080255008136,-0.003,0.001,0.032,0.0072954981587827,0.0,0.0,-0.0,-0.0
24.78321445482561,0.002,0.005,0.036,0.0030664703808724,0.0,0.0,-0.0,-0.0
24.88334865464309,0.002,0.005,0.036,-0.0001831681001931,0.0,0.0,-0.0,-0.0
24.983482854460565,-0.001,0.009,0.036,0.000277058687061,0.0,0.0,-0.0,-0.0
25.083617054278044,-0.001,0.009,0.036,-0.0006608956027776,0.0,0.0,-0.0,-0.0
25.18375125409552,0.0,0.013,0.02,0.0077939410693943,0.0,0.0,-0.0,-0.0
25.283885453913,0.0,0.013,0.02,0.0129402270540595,0.0,0.0,-0.0,-0.0
25.38401965373048,0.001,0.009,0.006,-0.0012321029789745,0.0,0.0,-0.0,-0.0
25.48415385354795,0.001,0.009,0.006,-0.0049326978623867,0.0,0.0,-0.0,-0.0
25.58428805336543,0.006,0.01,-0.001,-0.0049748523160815,0.0,0.0,-0.0,-0.0
25.684422253182905,0.006,0.01,-0.001,-0.0023556104861199,0.0,0.0,-0.0,-0.0
25.784556453000384,0.006,0.005,0.004,0.0029980521649122,0.0,0.0,-0.0,-0.0
25.88469065281786,0.006,0.005,0.004,-0.0115349572151899,0.0,0.0,-0.0,-0.0
25.984824852635334,0.005,0.01,0.003,0.001286998973228,0.0,0.0,-0.0,-0.0
26.084959052452817,0.005,0.01,0.003,0.0001175571233034,0.0,0.0,-0.0,-0.0
26.18509325227029,0.006,0.003,-0.003,0.0039247553795576,0.0,0.0,-0.0,-0.0
26.28522745208777,0.006,0.003,-0.003,0.002303787972778,0.0,0.0,-0.0,-0.0
26.38536165190525,0.005,-0.004,-0.004,-0.006012188270688,0.0,0.0,-0.0,-0.0
26.485495851722725,0.005,-0.004,-0.004,0.0092327361926436,0.0,0.0,-0.0,-0.0
26.5856300515402,0.0,-0.005,0.005,5.4443953558802605e-05,0.0,0.0,-0.0,-0.0
26.68576425135768,0.0,-0.005,0.005,0.0054321130737662,0.0,0.0,-0.0,-0.0
26.78589845117516,0.005,-0.001,0.011,-0.0043462868779897,0.0,0.0,-0.0,-0.0
26.886032650992632,0.005,-0.001,0.011,0.0028372942470014,0.0,0.0,-0.0,-0.0
26.98616685081011,0.011,-0.004,0.012,-0.0054444703273475,0.0,0.0,-0.0,-0.0
27.086301050627583,0.011,-0.004,0.012,0.0036019205581396,0.0,0.0,-0.0,-0.0
27.186435250445065,0.009,-0.005,0.012,-8.262693881988525e-05,0.0,0.0,-0.0,-0.0
27.28656945026254,0.009,-0.005,0.012,0.0077835875563323,0.0,0.0,-0.0,-0.0
27.38670365008002,0.009,-0.003,-0.003,0.0071383994072675,0.0,0.0,-0.0,-0.0
27.486837849897498,0.009,-0.003,-0.003,0.018036350607872,0.0,0.0,-0.0,-0.0
27.586972049714973,0.006,0.003,0.005,0.0025372174568474,0.0,0.0,-0.0,-0.0
27.68710624953245,0.006,0.003,0.005,0.003298261668533,0.0,0.0,-0.0,-0.0
27.787240449349927,0.0,0.003,0.006,0.0027958618011325,0.0,0.0,-0.0,-0.0
27.887374649167405,0.0,0.003,0.006,-0.0013980260118842,0.0,0.0,-0.0,-0.0
27.98750884898488,0.0,-0.01,0.004,0.0051742722280323,0.0,0.0,-0.0,-0.0
28.08764304880236,0.0,-0.01,0.004,0.002709565218538,0.0,0.0,-0.0,-0.0
28.18777724861984,0.001,0.003,-0.004,0.0003808766487054,0.0,0.0,-0.0,-0.0
28.287911448437317,0.001,0.003,-0.004,0.0080588813871145,0.0,0.0,-0.0,-0.0
28.388045648254792,-0.001,0.006,-0.01,0.0050105857662856,0.0,0.0,-0.0,-0.0
28.488179848072267,-0.001,0.006,-0.01,0.0141837056726217,0.0,0.0,-0.0,-0.0
28.588314047889742,0.0,0.002,-0.013,-0.0027781028766185,0.0,0.0,-0.0,-0.0
28.688448247707225,0.0,0.002,-0.013,0.0105350175872445,0.0,0.0,-0.0,-0.0
28.7885824475247,-0.001,0.0,-0.015,0.0084909098222851,0.0,0.0,-0.0,-0.0
28.88871664734218,-0.001,0.0,-0.015,0.0160772688686847,0.0,0.0,-0.0,-0.0
28.988850847159654,0.004,-0.003,-0.005,-0.0026523862034082,0.0,0.0,-0.0,-0.0
29.08898504697713,0.004,-0.003,-0.005,0.0022996787447482,0.0,0.0,-0.0,-0.0
29.189119246794608,0.01,-0.008,0.002,0.0064964825287461,0.0,0.0,-0.0,-0.0
29.289253446612086,0.01,-0.008,0.002,-0.0046225544065237,0.0,0.0,-0.0,-0.0
29.389387646429565,0.012,-0.014,0.008,0.003571621607989,0.0,0.0,-0.0,-0.0
29.48952184624704,0.012,-0.014,0.008,0.000867084832862,0.0,0.0,-0.0,-0.0
29.58965604606452,0.008,-0.01,0.008,0.0008309650002047,0.0,0.0,-0.0,-0.0
29.689790245881994,0.008,-0.01,0.008,0.0094951055943965,0.0,0.0,-0.0,-0.0
29.789924445699477,0.007,-0.002,-0.0,-0.0040656840428709,0.0,0.0,-0.0,-0.0
29.890058645516948,0.007,-0.002,-0.0,0.0130829568952322,0.0,0.0,-0.0,-0.0
29.990192845334427,0.004,-0.007,0.001,-0.0014772636350244,0.0,0.0,-0.0,-0.0
30.090327045151906,0.004,-0.007,0.001,-0.000847257557325,0.0,0.0,-0.0,-0.0
30.19046124496938,0.002,-0.005,0.001,0.0028673931956291,0.0,0.0,-0.0,-0.0
30.29059544478686,0.002,-0.005,0.001,-0.002093915361911,0.0,0.0,-0.0,-0.0
30.39072964460433,0.0,-0.001,-0.008,0.0048105386085808,0.0,0.0,-0.0,-0.0
30.490863844421813,0.0,-0.001,-0.008,0.0039591798558831,0.0,0.0,-0.0,-0.0
30.59099804423929,0.0,0.004,-0.012,0.0016175745986402,0.0,0.0,-0.0,-0.0
30.691132244056767,0.0,0.004,-0.012,0.0020868713036179,-0.0,0.0,1.0,-0.0
30.79126644387425,0.0,0.001,-0.007,-0.0254440978169441,-0.0,0.0,1.0,-0.0
30.89140064369172,0.0,0.001,-0.007,0.0016530763823539,-0.0,0.0,1.0,-0.0
30.9915348435092,-0.003,-0.007,0.348,0.01738753169775,-0.0,0.0,1.0,-0.0
31.091669043326675,-0.003,-0.007,0.348,0.0205126665532588,-0.0,0.0,1.0,-0.0
31.191803243144157,0.004,0.003,0.709,0.0150133706629276,-0.0,0.0,1.0,-0.0
31.29193744296163,0.004,0.003,0.709,0.0157895237207412,-0.0,0.0,1.0,-0.0
31.392071642779108,0.0,0.004,0.92,0.0075336722657084,-0.0,0.0,1.0,-0.0
31.492205842596587,0.0,0.004,0.92,-0.0035306350328028,-0.0,0.0,1.0,-0.0
31.59234004241406,-0.002,0.0,1.003,8.345505921170115e-05,-0.0,0.0,1.0,-0.0
31.69247424223154,-0.002,0.0,1.003,1.010281266644597e-05,-0.0,0.0,1.0,-0.0
31.792608442049016,0.0,-0.001,1.027,0.0008308731485158,-0.0,0.0,1.0,-0.0
31.89274264186649,0.0,-0.001,1.027,-0.0001207521781907,-0.0,0.0,1.0,-0.0
31.99287684168397,0.0,0.005,1.039,0.0016891835257411,-0.0,0.0,1.0,-0.0
32.09301104150145,0.0,0.005,1.039,-0.0003117662854492,-0.0,0.0,1.0,-0.0
32.19314524131892,0.008,0.001,1.028,-0.0066375583410263,-0.0,0.0,1.0,-0.0
32.293279441136406,0.008,0.001,1.028,-0.0027814568020403,-0.0,0.0,1.0,-0.0
32.39341364095388,0.022,-0.004,1.009,-0.0022756324615329,-0.0,0.0,1.0,-0.0
32.49354784077136,0.022,-0.004,1.009,-0.0074083162471652,-0.0,0.0,1.0,-0.0
32.59368204058883,0.016,-0.006,1.012,-0.002741465345025,-0.0,0.0,1.0,-0.0
32.69381624040631,0.016,-0.006,1.012,-0.0017810288118198,-0.0,0.0,1.0,-0.0
32.79395044022379,0.008,-0.016,1.014,-0.0005463347770273,-0.0,0.0,1.0,-0.0
32.894084640041264,0.008,-0.016,1.014,-0.0012625178787857,-0.0,0.0,1.0,-0.0
32.994218839858746,0.015,-0.0209999999999999,1.014,0.0010297780390828,-0.0,0.0,1.0,-0.0
33.09435303967622,0.015,-0.0209999999999999,1.014,-0.0084077911451458,-0.0,0.0,1.0,-0.0
33.1944872394937,0.0209999999999999,-0.026,1.027,0.0033085960894823,-0.0,0.0,1.0,-0.0
33.29462143931117,0.0209999999999999,-0.026,1.027,0.0021477511618286,-0.0,0.0,1.0,-0.0
33.394755639128654,0.012,-0.011,1.025,0.0015766281867399,-0.0,0.0,1.0,-0.0
33.49488983894613,0.012,-0.011,1.025,-0.0075393985025584,-0.0,0.0,1.0,-0.0
33.595024038763604,0.015,-0.006,1.013,-0.003657795721665,-0.0,0.0,1.0,-0.0
33.69515823858109,0.015,-0.006,1.013,0.0037050042301416,-0.0,0.0,1.0,-0.0
33.79529243839856,0.015,-0.008,0.997,0.0014117382233962,-0.0,0.0,1.0,-0.0
33.89542663821604,0.015,-0.008,0.997,-0.0032253616955131,-0.0,0.0,1.0,-0.0
33.99556083803351,0.011,-0.008,0.974,0.0013082039076834,-0.0,0.0,1.0,-0.0
34.095695037850994,0.011,-0.008,0.974,-0.0014328930992633,-0.0,0.0,1.0,-0.0
34.19582923766847,0.007,0.015,0.966,0.0072790384292602,-0.0,0.0,1.0,-0.0
34.295963437485945,0.007,0.015,0.966,-0.0094757657498121,-0.0,0.0,1.0,-0.0
34.39609763730343,0.009,-0.004,0.985,0.0006644022651016,-0.0,0.0,1.0,-0.0
34.4962318371209,0.009,-0.004,0.985,0.0025030488613992,-0.0,0.0,1.0,-0.0
34.59636603693838,0.001,0.003,0.993,-0.0083372835069894,-0.0,0.0,1.0,-0.0
34.69650023675585,0.001,0.003,0.993,0.005365528166294,-0.0,0.0,1.0,-0.0
34.796634436573335,-0.006,0.011,1.006,0.0069107078015804,-0.0,0.0,1.0,-0.0
34.89676863639081,-0.006,0.011,1.006,0.0046978872269392,-0.0,0.0,1.0,-0.0
34.996902836208285,-0.007,0.002,1.009,0.0018027558689936,-0.0,0.0,1.0,-0.0
35.09703703602577,-0.007,0.002,1.009,-0.0007487077382393,0.0,0.0,-0.0,-0.0
35.19717123584324,-0.005,-0.004,0.956,-0.0073106852360069,0.0,0.0,-0.0,-0.0
35.29730543566072,-0.005,-0.004,0.956,0.0028293482027947,0.0,0.0,-0.0,-0.0
35.39743963547819,-0.001,0.007,0.564,0.0062862006016075,0.0,0.0,-0.0,-0.0
35.497573835295675,-0.001,0.007,0.564,-0.0025411278475075,0.0,0.0,-0.0,-0.0
35.59770803511315,-0.003,0.01,0.243,-0.0101422667503356,0.0,0.0,-0.0,-0.0
35.697842234930626,-0.003,0.01,0.243,-0.003973389044404,0.0,0.0,-0.0,-0.0
35.79797643474811,0.0,0.0,0.068,-0.0055164420045912,0.0,0.0,-0.0,-0.0
35.89811063456558,0.0,0.0,0.068,0.0020334189757704,0.0,0.0,-0.0,-0.0
35.99824483438306,0.01,0.009,-0.0289999999999999,-0.0081379115581512,0.0,0.0,-0.0,-0.0
36.09837903420054,0.01,0.009,-0.0289999999999999,-0.0142648182809352,0.0,0.0,-0.0,-0.0
36.198513234018016,-0.001,0.034,-0.046,0.0048827240243554,0.0,0.0,-0.0,-0.0
36.29864743383549,-0.001,0.034,-0.046,0.0035384115763008,0.0,0.0,-0.0,-0.0
36.34871453374423,0.001,0.0209999999999999,-0.047,0.0048544257879257,0.0,0.0,-0.0,-0.0
36.44884873356171,0.001,0.0209999999999999,-0.047,0.0007229034672491,0.0,0.0,-0.0,-0.0
36.54898293337919,-0.002,0.014,-0.02,-0.0006294315098784,0.0,0.0,-0.0,-0.0
36.64911713319666,-0.002,0.014,-0.02,0.0059058419428765,0.0,0.0,-0.0,-0.0
36.749251333014136,-0.007,0.028,0.026,0.0025223495904356,0.0,0.0,-0.0,-0.0
36.84938553283162,-0.007,0.028,0.026,-0.001789980335161,0.0,0.0,-0.0,-0.0
36.94951973264909,-0.0209999999999999,0.0289999999999999,0.044,-0.0029394302982836,0.0,0.0,-0.0,-0.0
37.04965393246657,-0.0209999999999999,0.0289999999999999,0.044,0.0044862125068902,0.0,0.0,-0.0,-0.0
37.14978813228405,-0.004,-0.014,0.065,-0.0031850151717662,0.0,0.0,-0.0,-0.0
37.24992233210153,-0.004,-0.014,0.065,0.0033781141974031,0.0,0.0,-0.0,-0.0
37.350056531919,-0.026,0.002,0.0699999999999999,0.0108904615044593,0.0,0.0,-0.0,-0.0
37.45019073173648,-0.026,0.002,0.0699999999999999,0.0018202909268438,0.0,0.0,-0.0,-0.0
37.55032493155396,-0.015,-0.011,0.05,0.0055771670304238,0.0,0.0,-0.0,-0.0
37.65045913137144,-0.015,-0.011,0.05,0.0047103068791329,0.0,0.0,-0.0,-0.0
37.75059333118891,-0.009,-0.016,0.037,-0.0002281832275912,0.0,0.0,-0.0,-0.0
37.85072753100639,-0.009,-0.016,0.037,0.0098529830574989,0.0,0.0,-0.0,-0.0
37.95086173082387,-0.022,-0.01,0.018,0.0062288083136081,0.0,0.0,-0.0,-0.0
38.05099593064134,-0.022,-0.01,0.018,0.0091464994475245,0.0,0.0,-0.0,-0.0
38.15113013045882,-0.037,0.005,0.014,-0.0037790196947753,0.0,0.0,-0.0,-0.0
38.2512643302763,-0.037,0.005,0.014,-0.0015157298184931,0.0,0.0,-0.0,-0.0
38.351398530093775,-0.025,0.006,-0.003,-0.0017494785133749,0.0,0.0,-0.0,-0.0
38.45153272991125,-0.025,0.006,-0.003,-0.0028142496012151,0.0,0.0,-0.0,-0.0
38.55166692972873,-0.017,0.003,-0.001,-0.0022656444925814,0.0,0.0,-0.0,-0.0
38.65180112954621,-0.017,0.003,-0.001,-0.002514992840588,0.0,0.0,-0.0,-0.0
38.75193532936368,-0.03,0.019,-0.019,-0.0016719989944249,0.0,0.0,-0.0,-0.0
38.85206952918116,-0.03,0.019,-0.019,-0.0040497207082808,0.0,0.0,-0.0,-0.0
38.95220372899864,-0.005,0.0,-0.026,0.0030901473946869,0.0,0.0,-0.0,-0.0
39.05233792881612,-0.005,0.0,-0.026,0.0002166398335248,0.0,0.0,-0.0,-0.0
39.15247212863359,-0.001,-0.002,-0.009,0.0058753862977027,0.0,0.0,-0.0,-0.0
39.25260632845107,-0.001,-0.002,-0.009,-0.0056454627774655,0.0,0.0,-0.0,-0.0
39.35274052826855,0.0,-0.016,0.008,-0.0057219602167606,0.0,0.0,-0.0,-0.0
39.45287472808602,0.0,-0.016,0.008,0.004938906058669,0.0,0.0,-0.0,-0.0
39.5530089279035,0.023,-0.025,0.015,-0.0054607177153229,0.0,0.0,-0.0,-0.0
39.65314312772098,0.023,-0.025,0.015,0.0098998378962278,0.0,0.0,-0.0,-0.0
39.753277327538456,0.02,-0.018,0.009,-0.011422324925661,0.0,0.0,-0.0,-0.0
39.85341152735593,0.02,-0.018,0.009,0.0034048233646899,0.0,0.0,-0.0,-0.0
39.95354572717341,0.0209999999999999,-0.008,0.008,-0.0110103916376829,0.0,0.0,-0.0,-0.0
40.05367992699089,0.0209999999999999,-0.008,0.008,-0.0011542795691639,0.0,0.0,-0.0,-0.0
40.15381412680836,0.02,-0.015,-0.014,0.0016326333861798,0.0,0.0,-0.0,-0.0
40.25394832662584,0.02,-0.015,-0.014,0.0030606410000473,0.0,0.0,-0.0,-0.0
40.35408252644332,0.019,-0.019,-0.013,0.0037921534385532,0.0,0.0,-0.0,-0.0
40.4542167262608,0.019,-0.019,-0.013,0.0012292355531826,0.0,0.0,-0.0,-0.0
40.55435092607827,0.008,-0.004,-0.017,-0.0008969693444669,0.0,0.0,-0.0,-0.0
40.65448512589576,0.008,-0.004,-0.017,-0.0019430295797064,0.0,0.0,-0.0,-0.0
40.75461932571323,-0.008,-0.008,-0.004,-0.0028421911410987,0.0,0.0,-0.0,-0.0
40.854753525530704,-0.008,-0.008,-0.004,0.0003442316083237,-0.0,0.0,-1.0,-0.0
40.95488772534818,-0.016,-0.005,0.01,0.0009616834577172,-0.0,0.0,-1.0,-0.0
41.05502192516566,-0.016,-0.005,0.01,-0.0027630622498691,-0.0,0.0,-1.0,-0.0
41.15515612498314,-0.013,0.001,-0.337,-0.0026132282800972,-0.0,0.0,-1.0,-0.0
41.25529032480061,-0.013,0.001,-0.337,0.0011403968092054,-0.0,0.0,-1.0,-0.0
41.355424524618094,-0.014,0.018,-0.706,0.0072523513808846,-0.0,0.0,-1.0,-0.0
41.45555872443557,-0.014,0.018,-0.706,-0.0026494057383388,-0.0,0.0,-1.0,-0.0
41.55569292425304,-0.008,0.024,-0.941,0.0030737426131963,-0.0,0.0,-1.0,-0.0
41.65582712407052,-0.008,0.024,-0.941,-0.0033814548514783,-0.0,0.0,-1.0,-0.0
41.755961323888,0.009,0.012,-1.037,0.0101401712745428,-0.0,0.0,-1.0,-0.0
41.85609552370548,0.009,0.012,-1.037,0.016949625685811,-0.0,0.0,-1.0,-0.0
41.95622972352295,0.008,0.0,-1.058,0.0103117926046252,-0.0,0.0,-1.0,-0.0
42.056363923340434,0.008,0.0,-1.058,0.0120560340583324,-0.0,0.0,-1.0,-0.0
42.15649812315791,0.0,0.001,-1.083,-0.0134209468960762,-0.0,0.0,-1.0,-0.0
42.256632322975385,0.0,0.001,-1.083,-0.0068182279355823,-0.0,0.0,-1.0,-0.0
42.35676652279286,-0.003,0.018,-1.069,-0.0038198379334062,-0.0,0.0,-1.0,-0.0
42.45690072261034,-0.003,0.018,-1.069,0.002897267229855,-0.0,0.0,-1.0,-0.0
42.55703492242782,-0.02,0.008,-1.046,0.004061427898705,-0.0,0.0,-1.0,-0.0
42.65716912224529,-0.02,0.008,-1.046,-0.0004329443909227,-0.0,0.0,-1.0,-0.0
42.757303322062775,-0.009,-0.003,-1.012,-0.0058493511751294,-0.0,0.0,-1.0,-0.0
42.85743752188025,-0.009,-0.003,-1.012,0.0033935150131583,-0.0,0.0,-1.0,-0.0
42.957571721697725,-0.001,-0.003,-0.999,0.0066530350595712,-0.0,0.0,-1.0,-0.0
43.0577059215152,-0.001,-0.003,-0.999,0.0019802083261311,-0.0,0.0,-1.0,-0.0
43.15784012133268,0.007,-0.023,-1.016,-0.0079019600525498,-0.0,0.0,-1.0,-0.0
43.25797432115016,0.007,-0.023,-1.016,-0.0092505291104316,-0.0,0.0,-1.0,-0.0
43.35810852096763,0.0,-0.0209999999999999,-0.999,0.0032511150930076,-0.0,0.0,-1.0,-0.0
43.45824272078512,0.0,-0.0209999999999999,-0.999,0.0260517429560422,-0.0,0.0,-1.0,-0.0
43.55837692060259,0.003,-0.0209999999999999,-0.985,0.0148138869553804,-0.0,0.0,-1.0,-0.0
43.65851112042007,0.003,-0.0209999999999999,-0.985,0.0200930088758468,-0.0,0.0,-1.0,-0.0
43.75864532023754,-0.01,-0.024,-0.998,-0.0037095071747899,-0.0,0.0,-1.0,-0.0
43.85877952005502,-0.01,-0.024,-0.998,0.0133724752813577,-0.0,0.0,-1.0,-0.0
43.9589137198725,-0.01,-0.019,-1.001,-0.0055770352482795,-0.0,0.0,-1.0,-0.0
44.05904791968997,-0.01,-0.019,-1.001,-0.0004402746853884,-0.0,0.0,-1.0,-0.0
44.159182119507456,-0.004,-0.015,-0.999,-0.0355163887143135,-0.0,0.0,-1.0,-0.0
44.25931631932493,-0.004,-0.015,-0.999,-0.0062474543228745,-0.0,0.0,-1.0,-0.0
44.359450519142406,0.003,0.003,-1.004,-0.0063353269360959,-0.0,0.0,-1.0,-0.0
44.45958471895988,0.003,0.003,-1.004,-0.0018660579808056,-0.0,0.0,-1.0,-0.0
44.55971891877736,0.006,-0.013,-1.002,-0.0134306382387876,-0.0,0.0,-1.0,-0.0
44.65985311859484,0.006,-0.013,-1.002,-0.0143068358302116,-0.0,0.0,-1.0,-0.0
44.75998731841232,0.007,-0.005,-0.99,-0.0145736131817102,-0.0,0.0,-1.0,-0.0
44.8601215182298,0.007,-0.005,-0.99,0.0100723542273044,-0.0,0.0,-1.0,-0.0
44.96025571804727,0.002,-0.003,-0.973,0.0034955481532961,-0.0,0.0,-1.0,-0.0
45.06038991786475,0.002,-0.003,-0.973,-0.002695549512282,-0.0,0.0,-1.0,-0.0
45.16052411768222,0.015,0.004,-0.971,0.0348500609397888,-0.0,0.0,-1.0,-0.0
45.2606583174997,0.015,0.004,-0.971,0.007233481388539,-0.0,0.0,-1.0,-0.0
45.36079251731718,0.015,0.007,-0.983,0.0276772398501634,-0.0,0.0,-1.0,-0.0
45.460926717134654,0.015,0.007,-0.983,0.0212148539721965,-0.0,0.0,-1.0,-0.0
45.56106091695214,0.0,-0.007,-0.982,-0.0110247517004609,0.0,0.0,-0.0,-0.0
45.66119511676961,0.0,-0.007,-0.982,-0.0021403974387794,0.0,0.0,-0.0,-0.0
45.76132931658709,0.01,-0.012,-0.721,-0.0052951918914914,0.0,0.0,-0.0,-0.0
45.86146351640456,0.01,-0.012,-0.721,0.0045336578041315,0.0,0.0,-0.0,-0.0
45.961597716222045,0.006,-0.001,-0.323,-0.0196563750505447,0.0,0.0,-0.0,-0.0
46.06173191603952,0.006,-0.001,-0.323,-0.0131900636479258,0.0,0.0,-0.0,-0.0
46.161866115857,-0.011,0.002,-0.079,0.006710366345942,0.0,0.0,-0.0,-0.0
46.26200031567448,-0.011,0.002,-0.079,0.0093619339168071,0.0,0.0,-0.0,-0.0
46.36213451549195,-0.015,0.015,0.034,-0.0179464221000671,0.0,0.0,-0.0,-0.0
46.46226871530943,-0.015,0.015,0.034,0.0119724916294217,0.0,0.0,-0.0,-0.0
46.56240291512691,-0.007,0.012,0.048,0.001594295958057,0.0,0.0,-0.0,-0.0
46.66253711494439,-0.007,0.012,0.048,-0.0003071485552936,0.0,0.0,-0.0,-0.0
46.76267131476186,-0.014,0.009,0.009,0.014809806831181,0.0,0.0,-0.0,-0.0
46.862805514579335,-0.014,0.009,0.009,0.0076772030442953,0.0,0.0,-0.0,-0.0
46.96293971439682,-0.007,0.002,-0.018,0.016286851838231,0.0,0.0,-0.0,-0.0
47.06307391421429,-0.007,0.002,-0.018,0.0063648857176303,0.0,0.0,-0.0,-0.0
47.16320811403177,0.003,0.0,-0.025,0.0135806817561388,0.0,0.0,-0.0,-0.0
47.26334231384925,0.003,0.0,-0.025,0.0068973451852798,0.0,0.0,-0.0,-0.0
47.363476513666726,0.005,0.024,-0.022,-0.0063109789043664,0.0,0.0,-0.0,-0.0
47.4636107134842,0.005,0.024,-0.022,-0.00196387572214,0.0,0.0,-0.0,-0.0
47.56374491330168,0.003,0.02,-0.016,0.0026517410296946,0.0,0.0,-0.0,-0.0
47.66387911311916,0.003,0.02,-0.016,-0.0075049786828458,0.0,0.0,-0.0,-0.0
47.76401331293663,0.009,0.009,-0.0209999999999999,-0.0035334238782525,0.0,0.0,-0.0,-0.0
47.86414751275411,0.009,0.009,-0.0209999999999999,0.008202064782381,0.0,0.0,-0.0,-0.0
47.96428171257159,-0.002,0.005,0.004,0.003117037937045,0.0,0.0,-0.0,-0.0
48.064415912389066,-0.002,0.005,0.004,0.0070533752441406,0.0,0.0,-0.0,-0.0
48.16455011220654,-0.007,0.005,0.04,0.01312742754817,0.0,0.0,-0.0,-0.0
48.264684312024016,-0.007,0.005,0.04,0.0125647392123937,0.0,0.0,-0.0,-0.0
48.3648185118415,0.0,0.01,0.0409999999999999,-0.0006970553658902,0.0,0.0,-0.0,-0.0
48.464952711658974,0.0,0.01,0.0409999999999999,-0.0030322298407554,0.0,0.0,-0.0,-0.0
48.56508691147645,0.0,0.002,0.03,-0.0053328266367316,0.0,0.0,-0.0,-0.0
48.66522111129393,0.0,0.002,0.03,0.001176128280349,0.0,0.0,-0.0,-0.0
48.765355311111406,0.0,-0.011,0.0209999999999999,0.0009782700799405,0.0,0.0,-0.0,-0.0
48.86548951092888,0.0,-0.011,0.0209999999999999,-0.0038798740133643,0.0,0.0,-0.0,-0.0
48.96562371074636,0.004,-0.011,0.008,0.0167893264442682,0.0,0.0,-0.0,-0.0
49.06575791056384,0.004,-0.011,0.008,0.0078000538051128,0.0,0.0,-0.0,-0.0
49.165892110381314,0.007,0.0,-0.024,0.0231927130371332,0.0,0.0,-0.0,-0.0
49.26602631019879,0.007,0.0,-0.024,0.004536765627563,0.0,0.0,-0.0,-0.0
49.36616051001627,-0.004,-0.011,-0.018,0.0098884254693984,0.0,0.0,-0.0,-0.0
49.46629470983375,-0.004,-0.011,-0.018,-0.0017786511452868,0.0,0.0,-0.0,-0.0
49.56642890965122,-0.001,0.004,-0.04,0.0110101997852325,0.0,0.0,-0.0,-0.0
49.6665631094687,-0.001,0.004,-0.04,-0.0076478119008243,0.0,0.0,-0.0,-0.0
49.76669730928618,-0.001,0.025,-0.05,-0.0019809461664408,0.0,0.0,-0.0,-0.0
49.866831509103655,-0.001,0.025,-0.05,0.0041021602228283,0.0,0.0,-0.0,-0.0
49.96696570892113,-0.006,-0.01,-0.007,0.0029248418286442,0.0,0.0,-0.0,-0.0
50.06709990873861,-0.006,-0.01,-0.007,-0.0025968658737838,0.0,0.0,-0.0,-0.0
50.16723410855609,-0.012,-0.022,0.009,-0.0074489512480795,0.0,0.0,-0.0,-0.0
50.26736830837356,-0.012,-0.022,0.009,0.0042397924698889,0.0,0.0,-0.0,-0.0
50.36750250819104,0.005,0.0,-0.015,-0.010418526828289,0.0,0.0,-0.0,-0.0
50.46763670800852,0.005,0.0,-0.015,0.0020797322504222,0.0,0.0,-0.0,-0.0
50.567770907826,0.008,0.013,-0.02,0.0011350929271429,0.0,0.0,-0.0,-0.0
50.66790510764347,0.008,0.013,-0.02,0.00542070902884,0.0,0.0,-0.0,-0.0
50.76803930746095,0.004,0.003,-0.005,0.0063952188938856,0.0,0.0,-0.0,-0.0
50.86817350727843,0.004,0.003,-0.005,0.0014305611839517,0.0,0.0,-0.0,-0.0
50.9683077070959,-0.005,-0.016,0.002,-0.0002820310182869,0.0,0.0,-0.0,-0.0
51.06844190691338,-0.005,-0.016,0.002,0.0015438208356499,0.0,0.0,-0.0,-0.0
51.16857610673086,-0.002,-0.004,0.008,-0.0056907176040112,0.0,0.0,-0.0,-0.0
51.268710306548336,-0.002,-0.004,0.008,-0.0069223009049892,0.0,0.0,-0.0,-0.0
51.36884450636581,-0.01,0.002,0.019,0.0195707753300666,0.0,0.0,-0.0,-0.0
51.46897870618329,-0.01,0.002,0.019,-0.0016710883937776,0.0,0.0,-0.0,-0.0
51.56911290600077,-0.01,0.001,0.005,-0.0035467846319079,0.0,0.0,-0.0,-0.0
51.66924710581824,-0.01,0.001,0.005,0.0039529395289719,0.0,0.0,-0.0,-0.0
51.76938130563572,0.0,-0.001,-0.016,-0.0164760127663612,0.0,0.0,-0.0,-0.0
51.8695155054532,0.0,-0.001,-0.016,-0.0095690283924341,0.0,0.0,-0.0,-0.0
